# (2,3) torus knot generated by dist/tools/make-knot-obj.js
# 128x16 segments, tube radius 0.34
v 2.660000 0.000000 0.000000
v 2.685881 -0.058188 0.116376
v 2.759584 -0.107517 0.215035
v 2.869888 -0.140478 0.280957
v 3.000000 -0.152053 0.304105
v 3.130112 -0.140478 0.280957
v 3.240416 -0.107517 0.215035
v 3.314119 -0.058188 0.116376
v 3.340000 -0.000000 0.000000
v 3.314119 0.058188 -0.116376
v 3.240416 0.107517 -0.215035
v 3.130112 0.140478 -0.280957
v 3.000000 0.152053 -0.304105
v 2.869888 0.140478 -0.280957
v 2.759584 0.107517 -0.215035
v 2.685881 0.058188 -0.116376
v 2.638896 0.242672 0.130972
v 2.667682 0.188553 0.248622
v 2.743221 0.150333 0.350760
v 2.854013 0.133832 0.421836
v 2.983192 0.141561 0.451030
v 3.111090 0.172344 0.433897
v 3.218236 0.221494 0.373046
v 3.288319 0.281529 0.277740
v 3.310669 0.343309 0.162489
v 3.281884 0.397428 0.044839
v 3.206344 0.435648 -0.057299
v 3.095552 0.452149 -0.128375
v 2.966374 0.444420 -0.157569
v 2.838476 0.413637 -0.140436
v 2.731329 0.364487 -0.079585
v 2.661246 0.304452 0.015721
v 2.576484 0.477594 0.258634
v 2.607283 0.427866 0.377703
v 2.682664 0.400822 0.483464
v 2.791151 0.400580 0.559815
v 2.916229 0.427177 0.595133
v 3.038854 0.476563 0.584040
v 3.140359 0.541220 0.528225
v 3.205291 0.611304 0.436187
v 3.223763 0.676146 0.321936
v 3.192964 0.725875 0.202866
v 3.117583 0.752919 0.097105
v 3.009096 0.753161 0.020754
v 2.884018 0.726564 -0.014564
v 2.761393 0.677178 -0.003471
v 2.659888 0.612521 0.052344
v 2.594957 0.542437 0.144383
v 2.475408 0.697450 0.379747
v 2.507105 0.652185 0.500351
v 2.580188 0.635967 0.609873
v 2.683529 0.651265 0.691638
v 2.801397 0.695751 0.733199
v 2.915846 0.762651 0.728229
v 3.009454 0.841782 0.677483
v 3.067968 0.921095 0.588689
v 3.082481 0.988517 0.475363
v 3.050784 1.033782 0.354759
v 2.977701 1.050001 0.245237
v 2.874360 1.034702 0.163472
v 2.756492 0.990217 0.121911
v 2.642043 0.923316 0.126882
v 2.548435 0.844186 0.177627
v 2.489921 0.764872 0.266422
v 2.339905 0.895766 0.491219
v 2.371235 0.854700 0.613412
v 2.439819 0.848475 0.726799
v 2.535215 0.878040 0.814118
v 2.642900 0.938892 0.862075
v 2.746481 1.021768 0.863370
v 2.830187 1.114051 0.817805
v 2.881276 1.201692 0.732317
v 2.891969 1.271347 0.619921
v 2.860639 1.312413 0.497728
v 2.792055 1.318638 0.384342
v 2.696659 1.289073 0.297023
v 2.588973 1.228221 0.249066
v 2.485393 1.145345 0.247771
v 2.401687 1.053062 0.293336
v 2.350598 0.965421 0.378823
v 2.175557 1.067275 0.590172
v 2.205198 1.029745 0.713914
v 2.267129 1.032152 0.831208
v 2.351923 1.074131 0.924196
v 2.446671 1.149289 0.978723
v 2.536947 1.246185 0.986487
v 2.609009 1.350068 0.946306
v 2.651885 1.445122 0.864297
v 2.659049 1.516876 0.752945
v 2.629408 1.554406 0.629204
v 2.567477 1.551999 0.511910
v 2.482683 1.510020 0.418922
v 2.387936 1.434862 0.364395
v 2.297659 1.337965 0.356631
v 2.225597 1.234083 0.396812
v 2.182721 1.139029 0.478821
v 1.988964 1.208216 0.674016
v 2.015653 1.173118 0.799136
v 2.068948 1.182241 0.920278
v 2.140736 1.234198 1.019000
v 2.220088 1.321078 1.080272
v 2.294923 1.429653 1.094767
v 2.353848 1.543396 1.060277
v 2.387892 1.644989 0.982053
v 2.391872 1.718965 0.872004
v 2.365183 1.754063 0.746885
v 2.311888 1.744940 0.625743
v 2.240100 1.692983 0.527021
v 2.160748 1.606103 0.465749
v 2.085913 1.497528 0.451254
v 2.026988 1.383785 0.485744
v 1.992944 1.282192 0.563968
v 1.787339 1.316545 0.740519
v 1.810012 1.282328 0.866670
v 1.852996 1.295701 0.991460
v 1.909748 1.354629 1.095891
v 1.971627 1.450141 1.164063
v 2.029213 1.567695 1.185599
v 2.073739 1.689396 1.157220
v 2.098426 1.796715 1.083246
v 2.099517 1.873315 0.974939
v 2.076844 1.907532 0.848787
v 2.033859 1.894159 0.723997
v 1.977108 1.835231 0.619567
v 1.915228 1.739719 0.551394
v 1.857642 1.622164 0.529858
v 1.813116 1.500463 0.558237
v 1.788429 1.393144 0.632212
v 1.578071 1.392051 0.787873
v 1.596007 1.356748 0.914487
v 1.627463 1.371390 1.042531
v 1.667649 1.433748 1.152511
v 1.710449 1.534327 1.227684
v 1.749345 1.657817 1.256606
v 1.778417 1.785416 1.234873
v 1.793238 1.897699 1.165794
v 1.791552 1.977572 1.059886
v 1.773616 2.012875 0.933272
v 1.742160 1.998233 0.805228
v 1.701974 1.935876 0.695248
v 1.659174 1.835296 0.620075
v 1.620278 1.711807 0.591153
v 1.591206 1.584207 0.612886
v 1.576385 1.471924 0.681965
v 1.368247 1.436352 0.814769
v 1.381222 1.397666 0.940999
v 1.400546 1.410161 1.071650
v 1.423279 1.471934 1.186829
v 1.445958 1.573581 1.269004
v 1.465132 1.699627 1.305662
v 1.477882 1.830883 1.291224
v 1.482265 1.947365 1.227887
v 1.477616 2.031342 1.125294
v 1.464641 2.070028 0.999063
v 1.445317 2.057533 0.868413
v 1.422584 1.995760 0.753233
v 1.399905 1.894113 0.671059
v 1.380731 1.768067 0.634400
v 1.367981 1.636812 0.648839
v 1.363598 1.520329 0.712176
v 1.164181 1.452775 0.820454
v 1.172612 1.408216 0.945123
v 1.179974 1.414845 1.077415
v 1.185148 1.471650 1.197187
v 1.187344 1.569985 1.286206
v 1.186230 1.694879 1.330920
v 1.181975 1.827318 1.324521
v 1.175225 1.947139 1.267984
v 1.167010 2.036100 1.169916
v 1.158580 2.080659 1.045246
v 1.151217 2.074030 0.912955
v 1.146044 2.017225 0.793183
v 1.143847 1.918890 0.704163
v 1.144962 1.793996 0.659449
v 1.149217 1.661557 0.665848
v 1.155966 1.541736 0.722385
v 0.970969 1.446106 0.804790
v 0.976038 1.393198 0.926338
v 0.972525 1.390128 1.058918
v 0.960965 1.437365 1.182344
v 0.943116 1.527718 1.277827
v 0.921697 1.647430 1.330829
v 0.899968 1.778276 1.333283
v 0.881238 1.900338 1.284814
v 0.868358 1.995031 1.192801
v 0.863288 2.047940 1.071253
v 0.866801 2.051009 0.938673
v 0.878362 2.003772 0.815247
v 0.896210 1.913420 0.719764
v 0.917629 1.793708 0.666762
v 0.939358 1.662861 0.664308
v 0.958088 1.540800 0.712777
v 0.792100 1.422229 0.768294
v 0.795840 1.358776 0.884736
v 0.783574 1.342327 1.015801
v 0.757171 1.375385 1.141536
v 0.720649 1.452918 1.242797
v 0.679570 1.563122 1.304169
v 0.640186 1.689220 1.316309
v 0.608494 1.812014 1.277369
v 0.589318 1.912809 1.193277
v 0.585578 1.976262 1.076834
v 0.597844 1.992711 0.945769
v 0.624247 1.959653 0.820035
v 0.660769 1.882120 0.718774
v 0.701848 1.771916 0.657401
v 0.741232 1.645818 0.645261
v 0.772924 1.523025 0.684201
v 0.629167 1.387653 0.712160
v 0.634472 1.312083 0.821063
v 0.616682 1.279050 0.948309
v 0.578507 1.293585 1.074525
v 0.525757 1.353474 1.180495
v 0.466463 1.449600 1.250088
v 0.409653 1.567329 1.272707
v 0.363975 1.688737 1.244910
v 0.336383 1.795341 1.170928
v 0.331079 1.870912 1.062025
v 0.348868 1.903944 0.934779
v 0.387044 1.889409 0.808563
v 0.439794 1.829520 0.702593
v 0.499088 1.733394 0.633000
v 0.555898 1.615666 0.610381
v 0.601576 1.494258 0.638178
v 0.481683 1.348999 0.638262
v 0.492241 1.260742 0.736742
v 0.473261 1.208794 0.857325
v 0.427632 1.201062 0.981652
v 0.362300 1.238723 1.090796
v 0.287212 1.316045 1.168141
v 0.213800 1.421255 1.201911
v 0.153238 1.538336 1.186966
v 0.114749 1.649464 1.125581
v 0.104190 1.737721 1.027100
v 0.123170 1.789669 0.906518
v 0.168799 1.797401 0.782191
v 0.234131 1.759740 0.673047
v 0.309219 1.682418 0.595702
v 0.382632 1.577208 0.561931
v 0.443193 1.460127 0.576876
v 0.346993 1.312459 0.549170
v 0.367115 1.212388 0.633905
v 0.352301 1.140505 0.744415
v 0.304809 1.107753 0.863875
v 0.231867 1.119118 0.974100
v 0.144581 1.172870 1.058307
v 0.056239 1.260826 1.103678
v -0.019710 1.369595 1.103305
v -0.071702 1.482618 1.057245
v -0.091824 1.582689 0.972510
v -0.077010 1.654572 0.862000
v -0.029517 1.687325 0.742540
v 0.043424 1.675960 0.632315
v 0.130711 1.622207 0.548108
v 0.219052 1.534252 0.502737
v 0.295001 1.425482 0.503110
v 0.220235 1.283287 0.448255
v 0.254558 1.174204 0.515500
v 0.250127 1.083191 0.611916
v 0.207616 1.024102 0.722823
v 0.133497 1.005935 0.831337
v 0.039055 1.031454 0.920939
v -0.061333 1.096775 0.977987
v -0.152384 1.191953 0.993795
v -0.220235 1.302499 0.965958
v -0.254558 1.411582 0.898713
v -0.250127 1.502596 0.802298
v -0.207616 1.561684 0.691391
v -0.133497 1.579852 0.582876
v -0.039055 1.554332 0.493274
v 0.061333 1.489011 0.436227
v 0.152384 1.393833 0.420418
v 0.094192 1.265199 0.340029
v 0.147235 1.152475 0.385624
v 0.160003 1.045621 0.463201
v 0.130554 0.960904 0.560949
v 0.063370 0.911221 0.663988
v -0.031320 0.904136 0.756630
v -0.139101 0.940729 0.824773
v -0.243564 1.015427 0.858040
v -0.328805 1.116860 0.851369
v -0.381847 1.229584 0.805775
v -0.394615 1.336438 0.728198
v -0.365166 1.421156 0.630450
v -0.297982 1.470838 0.527411
v -0.203292 1.477923 0.434768
v -0.095511 1.441330 0.366626
v 0.008951 1.366632 0.333358
v -0.041027 1.259210 0.230996
v 0.034323 1.151768 0.250433
v 0.071240 1.035928 0.303509
v 0.064104 0.929323 0.382145
v 0.014001 0.848184 0.474368
v -0.071442 0.804863 0.566139
v -0.179216 0.805956 0.643487
v -0.292913 0.851296 0.694635
v -0.395226 0.933981 0.711797
v -0.470576 1.041422 0.692361
v -0.507493 1.157263 0.639285
v -0.500357 1.263867 0.560649
v -0.450254 1.345006 0.468425
v -0.364811 1.388327 0.376654
v -0.257037 1.387234 0.299307
v -0.143339 1.341894 0.248159
v -0.197918 1.260517 0.131168
v -0.099424 1.172333 0.120138
v -0.032570 1.059875 0.142107
v -0.007534 0.940261 0.193730
v -0.028127 0.831704 0.267148
v -0.091215 0.750728 0.351183
v -0.187193 0.709663 0.433042
v -0.301449 0.714759 0.500263
v -0.416589 0.765242 0.542612
v -0.515083 0.853425 0.553641
v -0.581937 0.965884 0.531672
v -0.606973 1.085497 0.480050
v -0.586380 1.194055 0.406632
v -0.523292 1.275030 0.322597
v -0.427314 1.316096 0.240738
v -0.313058 1.310999 0.173517
v -0.387330 1.251231 0.054588
v -0.271843 1.202226 0.011458
v -0.174349 1.113548 -0.003715
v -0.109692 0.998697 0.011378
v -0.087715 0.875159 0.054439
v -0.111763 0.761740 0.118914
v -0.178176 0.675708 0.194985
v -0.276843 0.630161 0.271073
v -0.392743 0.632032 0.335593
v -0.508230 0.681037 0.378722
v -0.605724 0.769715 0.393896
v -0.670381 0.884566 0.378803
v -0.692359 1.008105 0.335741
v -0.668310 1.121523 0.271267
v -0.601897 1.207555 0.195196
v -0.503230 1.253102 0.119108
v -0.600733 1.195232 0.010084
v -0.487224 1.205383 -0.057824
v -0.371391 1.166452 -0.109459
v -0.270869 1.084365 -0.136960
v -0.200963 0.971620 -0.136139
v -0.172314 0.845381 -0.107123
v -0.189284 0.724866 -0.054328
v -0.249290 0.628424 0.014208
v -0.343196 0.570736 0.088052
v -0.456706 0.560584 0.155960
v -0.572538 0.599516 0.207595
v -0.673060 0.681602 0.235095
v -0.742966 0.794347 0.234275
v -0.771615 0.920586 0.205258
v -0.754645 1.041101 0.152463
v -0.694639 1.137544 0.083927
v -0.793330 1.068976 -0.021782
v -0.708598 1.140405 -0.094703
v -0.600976 1.165410 -0.168129
v -0.486849 1.140186 -0.230881
v -0.383592 1.068572 -0.273406
v -0.306924 0.961470 -0.289229
v -0.268517 0.835187 -0.275942
v -0.274219 0.708948 -0.235568
v -0.323161 0.601970 -0.174253
v -0.407893 0.530542 -0.101331
v -0.515515 0.505536 -0.027905
v -0.629642 0.530761 0.034847
v -0.732899 0.602375 0.077372
v -0.809567 0.709476 0.093195
v -0.847974 0.835759 0.079908
v -0.842272 0.961999 0.039534
v -0.928777 0.906185 -0.076642
v -0.887153 1.018022 -0.134599
v -0.809944 1.096085 -0.209057
v -0.708902 1.128489 -0.288679
v -0.599412 1.110302 -0.361343
v -0.498142 1.044292 -0.415988
v -0.420509 0.940509 -0.444294
v -0.378332 0.814752 -0.441952
v -0.378033 0.686168 -0.409318
v -0.419657 0.574331 -0.351361
v -0.496867 0.496268 -0.276904
v -0.597908 0.463864 -0.197282
v -0.707399 0.482051 -0.124617
v -0.808669 0.548061 -0.069972
v -0.886302 0.651844 -0.041666
v -0.928478 0.777601 -0.044008
v -1.019989 0.753316 -0.162612
v -1.018654 0.881546 -0.196587
v -0.978083 0.991413 -0.258894
v -0.904454 1.066192 -0.340047
v -0.808974 1.094498 -0.427691
v -0.706180 1.072022 -0.508483
v -0.611722 1.002185 -0.570123
v -0.539980 0.895619 -0.603227
v -0.501875 0.768549 -0.602755
v -0.503210 0.640319 -0.568780
v -0.543781 0.530451 -0.506472
v -0.617411 0.455672 -0.425320
v -0.712890 0.427366 -0.337676
v -0.815684 0.449843 -0.256884
v -0.910142 0.519680 -0.195244
v -0.981885 0.626245 -0.162140
v -1.094073 0.624971 -0.266904
v -1.123792 0.753949 -0.275871
v -1.116852 0.878467 -0.321106
v -1.074307 0.979567 -0.395723
v -1.002636 1.041859 -0.488363
v -0.912749 1.055858 -0.584921
v -0.818332 1.019433 -0.670698
v -0.733758 0.938131 -0.732634
v -0.671902 0.824327 -0.761302
v -0.642183 0.695349 -0.752335
v -0.649124 0.570831 -0.707100
v -0.691668 0.469731 -0.632482
v -0.763340 0.407440 -0.539843
v -0.853226 0.393441 -0.443284
v -0.947644 0.429865 -0.357508
v -1.032218 0.511168 -0.295571
v -1.168069 0.516562 -0.376571
v -1.219646 0.637977 -0.362523
v -1.240860 0.766045 -0.389866
v -1.228481 0.881269 -0.454435
v -1.184394 0.966107 -0.546402
v -1.115310 1.007644 -0.651764
v -1.031748 0.999555 -0.754482
v -0.946428 0.943073 -0.838918
v -0.872340 0.846796 -0.892216
v -0.820763 0.725381 -0.906263
v -0.799549 0.597313 -0.878921
v -0.811928 0.482089 -0.814351
v -0.856015 0.397251 -0.722385
v -0.925099 0.355714 -0.617022
v -1.008661 0.363802 -0.514304
v -1.093981 0.420285 -0.429869
v -1.249839 0.419062 -0.482959
v -1.315650 0.529042 -0.448719
v -1.359529 0.653816 -0.458969
v -1.374794 0.774390 -0.512148
v -1.359121 0.872406 -0.600160
v -1.314897 0.932944 -0.709607
v -1.248855 0.946786 -0.823825
v -1.171048 0.911825 -0.925427
v -1.093322 0.833384 -0.998943
v -1.027510 0.723404 -1.033183
v -0.983632 0.598629 -1.022933
v -0.968367 0.478056 -0.969754
v -0.984040 0.380039 -0.881742
v -1.028264 0.319502 -0.772296
v -1.094306 0.305660 -0.658077
v -1.172113 0.340621 -0.556476
v -1.342026 0.323652 -0.580366
v -1.416094 0.420927 -0.528882
v -1.477737 0.538272 -0.523464
v -1.517571 0.657822 -0.564938
v -1.529530 0.761378 -0.646988
v -1.511794 0.833173 -0.757124
v -1.467064 0.862278 -0.878578
v -1.402149 0.844262 -0.992861
v -1.326932 0.781867 -1.082573
v -1.252864 0.684592 -1.134057
v -1.191221 0.567247 -1.139475
v -1.151388 0.447697 -1.098002
v -1.139428 0.344141 -1.015951
v -1.157164 0.272345 -0.905815
v -1.201894 0.243240 -0.784361
v -1.266809 0.261257 -0.670079
v -1.444098 0.222629 -0.664724
v -1.521937 0.307484 -0.598848
v -1.597157 0.415019 -0.579426
v -1.658307 0.528863 -0.609416
v -1.696077 0.631683 -0.684252
v -1.704717 0.707827 -0.792542
v -1.682912 0.745702 -0.917798
v -1.633981 0.739542 -1.040952
v -1.565374 0.690284 -1.143254
v -1.487535 0.605429 -1.209131
v -1.412315 0.497894 -1.228553
v -1.351165 0.384050 -1.198562
v -1.313395 0.281230 -1.123726
v -1.304755 0.205086 -1.015437
v -1.326560 0.167212 -0.890181
v -1.375491 0.173372 -0.767027
v -1.553243 0.109613 -0.732952
v -1.631701 0.183230 -0.655337
v -1.717035 0.279731 -0.623639
v -1.796253 0.384425 -0.642683
v -1.857295 0.481374 -0.709570
v -1.890868 0.555818 -0.814116
v -1.891861 0.596423 -0.940407
v -1.860122 0.597008 -1.069214
v -1.800484 0.557484 -1.180929
v -1.722026 0.483868 -1.258544
v -1.636692 0.387367 -1.290242
v -1.557474 0.282673 -1.271198
v -1.496432 0.185724 -1.204311
v -1.462859 0.111280 -1.099764
v -1.461867 0.070675 -0.973474
v -1.493605 0.070089 -0.844666
v -1.664888 -0.020259 -0.782714
v -1.741980 0.043723 -0.695754
v -1.834657 0.128703 -0.653464
v -1.928808 0.221745 -0.662284
v -2.010101 0.308683 -0.720870
v -2.066159 0.376282 -0.820304
v -2.088448 0.414250 -0.945446
v -2.073575 0.416807 -1.077246
v -2.023803 0.383564 -1.195639
v -1.946711 0.319582 -1.282599
v -1.854034 0.234601 -1.324889
v -1.759883 0.141559 -1.316069
v -1.678590 0.054621 -1.257483
v -1.622532 -0.012977 -1.158049
v -1.600243 -0.050945 -1.032907
v -1.615116 -0.053502 -0.901107
v -1.773170 -0.170122 -0.812365
v -1.847881 -0.114089 -0.718143
v -1.945750 -0.040688 -0.666831
v -2.051878 0.038908 -0.666241
v -2.150108 0.112581 -0.716463
v -2.225486 0.169114 -0.809851
v -2.266535 0.199901 -0.932187
v -2.267007 0.200255 -1.064847
v -2.226830 0.170122 -1.187635
v -2.152119 0.114089 -1.281857
v -2.054250 0.040688 -1.333169
v -1.948122 -0.038908 -1.333759
v -1.849892 -0.112581 -1.283537
v -1.774514 -0.169114 -1.190149
v -1.733465 -0.199901 -1.067813
v -1.732993 -0.200255 -0.935153
v -1.871458 -0.341203 -0.820937
v -1.943516 -0.291598 -0.721207
v -2.044937 -0.229634 -0.662272
v -2.160282 -0.164745 -0.653106
v -2.271989 -0.106808 -0.695103
v -2.363054 -0.064645 -0.781871
v -2.419612 -0.044674 -0.900198
v -2.433052 -0.049936 -1.032072
v -2.401328 -0.079630 -1.157416
v -2.329271 -0.129235 -1.257146
v -2.227850 -0.191198 -1.316081
v -2.112505 -0.256088 -1.325247
v -2.000797 -0.314025 -1.283250
v -1.909733 -0.356188 -1.196482
v -1.853175 -0.376158 -1.078155
v -1.839735 -0.370896 -0.946281
v -1.952902 -0.532765 -0.808135
v -2.022549 -0.488378 -0.704318
v -2.126257 -0.437662 -0.638960
v -2.248237 -0.388340 -0.622012
v -2.369919 -0.347919 -0.656053
v -2.472777 -0.322554 -0.735902
v -2.541153 -0.316106 -0.849402
v -2.564637 -0.329557 -0.979274
v -2.539653 -0.360859 -1.105745
v -2.470006 -0.405247 -1.209563
v -2.366298 -0.455962 -1.274921
v -2.244318 -0.505285 -1.291869
v -2.122636 -0.545706 -1.257827
v -2.019778 -0.571071 -1.177979
v -1.951402 -0.577518 -1.064479
v -1.927918 -0.564067 -0.934607
v -2.010972 -0.742173 -0.774308
v -2.078747 -0.702170 -0.667512
v -2.183710 -0.662548 -0.596717
v -2.309883 -0.629342 -0.572702
v -2.438057 -0.607605 -0.599123
v -2.548719 -0.600647 -0.671956
v -2.625020 -0.609528 -0.780115
v -2.655346 -0.632895 -0.907132
v -2.635078 -0.667191 -1.033671
v -2.567304 -0.707194 -1.140467
v -2.462340 -0.746816 -1.211261
v -2.336167 -0.780022 -1.235276
v -2.207993 -0.801759 -1.208856
v -2.097332 -0.808717 -1.136022
v -2.021031 -0.799836 -1.027864
v -1.990705 -0.776469 -0.900846
v -2.039952 -0.965080 -0.720399
v -2.106493 -0.929005 -0.611450
v -2.211787 -0.900386 -0.535997
v -2.339804 -0.883579 -0.505527
v -2.471053 -0.881143 -0.524679
v -2.585553 -0.893448 -0.590537
v -2.665873 -0.918622 -0.693074
v -2.699785 -0.952831 -0.816682
v -2.682126 -0.990869 -0.942540
v -2.615585 -1.026943 -1.051489
v -2.510291 -1.055563 -1.126942
v -2.382274 -1.072370 -1.157412
v -2.251025 -1.074806 -1.138260
v -2.136525 -1.062501 -1.072403
v -2.056205 -1.037327 -0.969865
v -2.022293 -1.003117 -0.846258
v -2.035340 -1.195722 -0.647893
v -2.101239 -1.163453 -0.537371
v -2.205939 -1.145786 -0.457843
v -2.333501 -1.145410 -0.421415
v -2.464503 -1.162382 -0.433633
v -2.579003 -1.194119 -0.492638
v -2.659569 -1.235789 -0.589447
v -2.693935 -1.281048 -0.709320
v -2.676869 -1.323006 -0.834009
v -2.610970 -1.355275 -0.944531
v -2.506270 -1.372942 -1.024059
v -2.378709 -1.373319 -1.060487
v -2.247706 -1.356346 -1.048269
v -2.133206 -1.324609 -0.989264
v -2.052640 -1.282939 -0.892456
v -2.018274 -1.237680 -0.772582
v -1.994164 -1.427294 -0.558746
v -2.059849 -1.398956 -0.447025
v -2.162960 -1.392183 -0.363830
v -2.287797 -1.408006 -0.321825
v -2.415356 -1.444015 -0.327407
v -2.526216 -1.494728 -0.379724
v -2.603502 -1.552426 -0.470812
v -2.635445 -1.608323 -0.586804
v -2.617184 -1.653911 -0.710041
v -2.551498 -1.682248 -0.821761
v -2.448388 -1.689021 -0.904957
v -2.323551 -1.673198 -0.946961
v -2.195992 -1.637189 -0.941380
v -2.085131 -1.586476 -0.889063
v -2.007846 -1.528778 -0.797975
v -1.975903 -1.472881 -0.681983
v -1.915175 -1.652365 -0.455316
v -1.980847 -1.628237 -0.342604
v -2.081261 -1.632225 -0.256000
v -2.201130 -1.663723 -0.208691
v -2.322206 -1.717936 -0.207877
v -2.426056 -1.786610 -0.253684
v -2.496869 -1.859290 -0.339137
v -2.523865 -1.924911 -0.451227
v -2.502933 -1.973483 -0.572889
v -2.437262 -1.997611 -0.685602
v -2.336847 -1.993623 -0.772205
v -2.216978 -1.962124 -0.819515
v -2.095902 -1.907912 -0.820328
v -1.992052 -1.839238 -0.774521
v -1.921239 -1.766558 -0.689068
v -1.894244 -1.700937 -0.576978
v -1.798940 -1.863334 -0.340298
v -1.864538 -1.843737 -0.226668
v -1.961035 -1.858204 -0.136790
v -2.073739 -1.904534 -0.084347
v -2.185493 -1.975674 -0.077322
v -2.279283 -2.060792 -0.116787
v -2.340830 -2.146931 -0.196731
v -2.360764 -2.220976 -0.304986
v -2.336050 -2.271656 -0.425068
v -2.270452 -2.291253 -0.538699
v -2.173955 -2.276786 -0.628577
v -2.061251 -2.230456 -0.681020
v -1.949497 -2.159316 -0.688044
v -1.855707 -2.074198 -0.648580
v -1.794161 -1.988059 -0.568635
v -1.774226 -1.914014 -0.460381
v -1.647816 -2.052874 -0.216650
v -1.713030 -2.038070 -0.102077
v -1.804299 -2.062513 -0.008955
v -1.907727 -2.122482 0.048538
v -2.007568 -2.208846 0.061651
v -2.088623 -2.308459 0.028386
v -2.138551 -2.406154 -0.046192
v -2.149752 -2.487059 -0.150729
v -2.120520 -2.538856 -0.269311
v -2.055305 -2.553660 -0.383884
v -1.964037 -2.529217 -0.477005
v -1.860609 -2.469249 -0.534499
v -1.760768 -2.382884 -0.547611
v -1.679713 -2.283272 -0.514346
v -1.629785 -2.185576 -0.439768
v -1.618584 -2.104672 -0.335231
v -1.465826 -2.214356 -0.087520
v -1.530132 -2.204456 0.028091
v -1.614824 -2.238089 0.124502
v -1.707008 -2.310135 0.187037
v -1.792649 -2.409625 0.206175
v -1.858711 -2.521413 0.179003
v -1.895134 -2.628481 0.109657
v -1.896375 -2.714528 0.008694
v -1.862245 -2.766454 -0.108514
v -1.797938 -2.776354 -0.224125
v -1.713247 -2.742721 -0.320536
v -1.621063 -2.670676 -0.383071
v -1.535421 -2.571185 -0.402210
v -1.469360 -2.459397 -0.375037
v -1.432937 -2.352329 -0.305691
v -1.431696 -2.266283 -0.204728
v -1.258435 -2.342229 0.043822
v -1.321160 -2.337114 0.160605
v -1.397962 -2.378826 0.260408
v -1.477148 -2.461015 0.328037
v -1.546662 -2.571169 0.353195
v -1.595923 -2.692517 0.332052
v -1.617430 -2.806586 0.267828
v -1.607909 -2.896010 0.170299
v -1.568809 -2.947174 0.054314
v -1.506084 -2.952289 -0.062470
v -1.429283 -2.910577 -0.162273
v -1.350097 -2.828388 -0.229902
v -1.280582 -2.718234 -0.255059
v -1.231322 -2.596886 -0.233917
v -1.209815 -2.482817 -0.169692
v -1.219336 -2.393393 -0.072164
v -1.032247 -2.432334 0.174056
v -1.092654 -2.431600 0.292164
v -1.160375 -2.479931 0.395493
v -1.225101 -2.569970 0.468313
v -1.276976 -2.688008 0.499537
v -1.308105 -2.816075 0.484412
v -1.313747 -2.934675 0.425240
v -1.293044 -3.025752 0.331030
v -1.249147 -3.075439 0.216125
v -1.188740 -3.076173 0.098017
v -1.121019 -3.027842 -0.005313
v -1.056294 -2.937803 -0.078132
v -1.004418 -2.819765 -0.109357
v -0.973289 -2.691698 -0.094232
v -0.967647 -2.573098 -0.035060
v -0.988350 -2.482021 0.059150
v -0.794634 -2.482136 0.299889
v -0.852021 -2.485066 0.419460
v -0.909692 -2.538208 0.526460
v -0.958867 -2.633471 0.604600
v -0.992060 -2.756352 0.641983
v -1.004216 -2.888144 0.632919
v -0.993486 -3.008782 0.578787
v -0.961503 -3.099901 0.487828
v -0.913136 -3.147629 0.373891
v -0.855749 -3.144698 0.254320
v -0.798078 -3.091557 0.147320
v -0.748903 -2.996294 0.069180
v -0.715711 -2.873412 0.031796
v -0.703554 -2.741621 0.040861
v -0.714284 -2.620982 0.094993
v -0.746267 -2.529863 0.185951
v -0.553327 -2.490864 0.418123
v -0.607134 -2.496426 0.539255
v -0.654106 -2.552246 0.650055
v -0.687092 -2.649825 0.733657
v -0.701069 -2.774309 0.777332
v -0.693910 -2.906745 0.774431
v -0.666705 -3.026972 0.725396
v -0.623595 -3.116686 0.637691
v -0.571143 -3.162228 0.524670
v -0.517336 -3.156666 0.403539
v -0.470363 -3.100846 0.292738
v -0.437378 -3.003267 0.209136
v -0.423401 -2.878783 0.165462
v -0.430560 -2.746347 0.168363
v -0.457765 -2.626120 0.217398
v -0.500875 -2.536406 0.305102
v -0.315974 -2.459549 0.525729
v -0.365892 -2.466425 0.648448
v -0.401936 -2.522517 0.763137
v -0.418619 -2.619288 0.852335
v -0.413402 -2.742003 0.902462
v -0.387078 -2.871981 0.905887
v -0.343654 -2.989434 0.862090
v -0.289743 -3.076481 0.777736
v -0.233551 -3.119870 0.665669
v -0.183633 -3.112994 0.542950
v -0.147589 -3.056901 0.428262
v -0.130905 -2.960131 0.339064
v -0.136123 -2.837416 0.288937
v -0.162447 -2.707437 0.285511
v -0.205870 -2.589984 0.329309
v -0.259782 -2.502937 0.413662
v -0.089708 -2.390957 0.619918
v -0.135777 -2.397603 0.744145
v -0.161176 -2.451368 0.862734
v -0.162037 -2.544066 0.957630
v -0.138229 -2.661586 1.014386
v -0.093377 -2.786037 1.024362
v -0.034310 -2.898471 0.986038
v 0.029981 -2.981771 0.905250
v 0.089708 -3.023256 0.794296
v 0.135777 -3.016611 0.670068
v 0.161176 -2.962846 0.551480
v 0.162037 -2.870147 0.456584
v 0.138229 -2.752627 0.399827
v 0.093377 -2.628177 0.389852
v 0.034310 -2.515743 0.428175
v -0.029981 -2.432443 0.508964
v 0.119268 -2.289417 0.698209
v 0.076567 -2.294156 0.823721
v 0.060943 -2.342900 0.946110
v 0.074774 -2.428227 1.046743
v 0.115956 -2.537147 1.110300
v 0.178217 -2.653079 1.127105
v 0.252081 -2.758372 1.094600
v 0.326301 -2.836997 1.017732
v 0.389578 -2.876983 0.908206
v 0.432279 -2.872244 0.782694
v 0.447903 -2.823501 0.660305
v 0.434072 -2.738174 0.559672
v 0.392890 -2.629253 0.496115
v 0.330629 -2.513322 0.479310
v 0.256765 -2.408029 0.511815
v 0.182545 -2.329404 0.588683
v 0.306044 -2.160552 0.758507
v 0.265726 -2.161700 0.884888
v 0.258356 -2.202767 1.010817
v 0.285056 -2.277500 1.117124
v 0.341762 -2.374523 1.187623
v 0.419839 -2.479065 1.211581
v 0.507402 -2.575210 1.185352
v 0.591120 -2.648321 1.112928
v 0.658247 -2.687267 1.005336
v 0.698565 -2.686119 0.878955
v 0.705935 -2.645052 0.753025
v 0.679235 -2.570319 0.646719
v 0.622530 -2.473296 0.576220
v 0.544452 -2.368754 0.552261
v 0.456889 -2.272609 0.578490
v 0.373171 -2.199498 0.650914
v 0.467300 -2.010922 0.799161
v 0.427843 -2.006938 0.925756
v 0.426526 -2.037867 1.054755
v 0.463549 -2.099001 1.166518
v 0.533275 -2.181031 1.244032
v 0.625090 -2.271470 1.275494
v 0.725015 -2.356550 1.256115
v 0.817838 -2.423317 1.188846
v 0.889427 -2.461607 1.083927
v 0.928883 -2.465590 0.957332
v 0.930200 -2.434661 0.828333
v 0.893178 -2.373528 0.716570
v 0.823451 -2.291497 0.639056
v 0.731637 -2.201058 0.607594
v 0.631712 -2.115979 0.626973
v 0.538889 -2.049212 0.694242
v 0.601507 -1.847588 0.819041
v 0.560863 -1.837261 0.944900
v 0.562719 -1.855971 1.076222
v 0.606792 -1.900871 1.193015
v 0.686373 -1.965126 1.277497
v 0.789346 -2.038952 1.316809
v 0.900034 -2.111111 1.304963
v 1.001586 -2.170616 1.243765
v 1.078542 -2.208410 1.142530
v 1.119186 -2.218737 1.016671
v 1.117330 -2.200027 0.885349
v 1.073257 -2.155127 0.768556
v 0.993676 -2.090872 0.684073
v 0.890704 -2.017046 0.644762
v 0.780015 -1.944888 0.656607
v 0.678463 -1.885382 0.717806
v 0.709020 -1.677633 0.817593
v 0.664683 -1.660277 0.941416
v 0.666208 -1.665277 1.073974
v 0.713361 -1.691870 1.195087
v 0.798965 -1.736008 1.286317
v 0.909987 -1.790972 1.333774
v 1.029525 -1.848394 1.330233
v 1.139380 -1.899532 1.276234
v 1.222828 -1.936600 1.179998
v 1.267164 -1.953955 1.056175
v 1.265640 -1.948956 0.923617
v 1.218486 -1.922363 0.802504
v 1.132882 -1.878224 0.711274
v 1.021861 -1.823260 0.663817
v 0.902323 -1.765839 0.667358
v 0.792468 -1.714701 0.721356
v 0.792040 -1.507637 0.794894
v 0.741189 -1.483310 0.914983
v 0.738368 -1.473922 1.047282
v 0.784009 -1.480903 1.171649
v 0.871162 -1.503190 1.269152
v 0.986559 -1.537389 1.324945
v 1.112632 -1.578296 1.330535
v 1.230188 -1.619681 1.285072
v 1.321330 -1.655244 1.195475
v 1.372181 -1.679572 1.075386
v 1.375002 -1.688960 0.943088
v 1.329361 -1.681979 0.818720
v 1.242208 -1.659692 0.721218
v 1.126811 -1.625492 0.665425
v 1.000738 -1.584586 0.659834
v 0.883182 -1.543201 0.705298
v 0.854450 -1.343175 0.751686
v 0.794167 -1.312871 0.865908
v 0.782673 -1.289468 0.995982
v 0.821718 -1.276528 1.122105
v 0.905359 -1.276021 1.225077
v 1.020861 -1.288024 1.289220
v 1.150640 -1.310710 1.304769
v 1.274938 -1.340625 1.269357
v 1.374833 -1.373215 1.188376
v 1.435117 -1.403518 1.074154
v 1.446610 -1.426921 0.944080
v 1.407565 -1.439861 0.817957
v 1.323924 -1.440369 0.714986
v 1.208422 -1.428366 0.650843
v 1.078643 -1.405680 0.635294
v 0.954345 -1.375765 0.670705
v 0.901512 -1.188339 0.689389
v 0.829100 -1.154165 0.795160
v 0.804569 -1.118385 0.920528
v 0.831656 -1.086447 1.046406
v 0.906235 -1.063211 1.153631
v 1.016953 -1.052217 1.225878
v 1.146955 -1.055137 1.252148
v 1.276448 -1.071527 1.228443
v 1.385719 -1.098892 1.158370
v 1.458131 -1.133066 1.052599
v 1.482662 -1.168846 0.927231
v 1.455575 -1.200784 0.801353
v 1.380996 -1.224020 0.694128
v 1.270278 -1.235014 0.621881
v 1.140276 -1.232094 0.595611
v 1.010783 -1.215704 0.619316
v 0.939491 -1.045355 0.610105
v 0.852869 -1.010637 0.704393
v 0.811272 -0.965567 0.822026
v 0.821032 -0.917007 0.945094
v 0.880664 -0.872350 1.054862
v 0.981088 -0.838395 1.134617
v 1.107017 -0.820311 1.172219
v 1.239279 -0.820850 1.161943
v 1.357738 -0.839931 1.105353
v 1.444359 -0.874650 1.011064
v 1.485956 -0.919720 0.893431
v 1.476196 -0.968279 0.770363
v 1.416565 -1.012936 0.660596
v 1.316140 -1.046891 0.580840
v 1.190211 -1.064976 0.543238
v 1.057949 -1.064436 0.553514
v 0.975218 -0.914262 0.516652
v 0.873419 -0.883587 0.595993
v 0.811513 -0.833898 0.702284
v 0.798926 -0.772759 0.819343
v 0.837573 -0.709478 0.929347
v 0.921571 -0.653690 1.015551
v 1.038131 -0.613887 1.064830
v 1.169509 -0.596129 1.069683
v 1.295703 -0.603119 1.029369
v 1.397502 -0.633794 0.950027
v 1.459408 -0.683483 0.843736
v 1.471995 -0.744622 0.726678
v 1.433348 -0.807902 0.616673
v 1.349350 -0.863691 0.530470
v 1.232790 -0.903494 0.481191
v 1.101412 -0.921252 0.476338
v 1.015679 -0.792599 0.412724
v 0.899470 -0.771791 0.473234
v 0.815371 -0.723842 0.563938
v 0.776184 -0.656051 0.671026
v 0.787875 -0.578739 0.778195
v 0.848666 -0.503676 0.869130
v 0.949300 -0.442290 0.929986
v 1.074458 -0.403925 0.951499
v 1.205085 -0.394424 0.930394
v 1.321294 -0.415232 0.869883
v 1.405393 -0.463181 0.779180
v 1.444580 -0.530972 0.672092
v 1.432889 -0.608284 0.564923
v 1.372098 -0.683347 0.473988
v 1.271464 -0.744734 0.413132
v 1.146306 -0.783098 0.391619
v 1.067506 -0.674881 0.303370
v 0.940284 -0.670899 0.340756
v 0.834269 -0.632857 0.410846
v 0.765600 -0.566547 0.502970
v 0.744732 -0.482064 0.603101
v 0.774842 -0.392270 0.695996
v 0.851346 -0.310835 0.767512
v 0.962596 -0.250157 0.806762
v 1.091656 -0.219473 0.807771
v 1.218878 -0.223456 0.770384
v 1.324894 -0.261498 0.700294
v 1.393562 -0.327808 0.608171
v 1.414430 -0.412291 0.508040
v 1.384320 -0.502085 0.415145
v 1.307817 -0.583520 0.343628
v 1.196566 -0.644198 0.304378
v 1.135760 -0.551512 0.196070
v 1.005070 -0.572127 0.205780
v 0.881040 -0.554078 0.249253
v 0.782553 -0.500111 0.319872
v 0.724602 -0.418443 0.406884
v 0.716010 -0.321507 0.497043
v 0.758085 -0.224061 0.576623
v 0.844421 -0.140940 0.633509
v 0.961874 -0.084798 0.659040
v 1.092564 -0.064183 0.649330
v 1.216593 -0.082232 0.605857
v 1.315080 -0.136199 0.535239
v 1.373031 -0.217867 0.448227
v 1.381623 -0.314803 0.358067
v 1.339549 -0.412249 0.278487
v 1.253213 -0.495370 0.221601
v 1.219833 -0.407289 0.102322
v 1.099957 -0.459752 0.080498
v 0.968367 -0.473202 0.090611
v 0.845097 -0.445590 0.131124
v 0.748914 -0.381121 0.195867
v 0.694461 -0.289610 0.274984
v 0.690028 -0.184988 0.356431
v 0.736289 -0.083182 0.427807
v 0.826202 0.000307 0.478247
v 0.946079 0.052770 0.500072
v 1.077668 0.066220 0.489958
v 1.200938 0.038608 0.449446
v 1.297121 -0.025860 0.384703
v 1.351574 -0.117372 0.305585
v 1.356008 -0.221994 0.224139
v 1.309746 -0.323799 0.152762
v 1.302360 -0.223837 0.036369
v 1.216642 -0.310187 -0.016500
v 1.098849 -0.364398 -0.044519
v 0.966914 -0.378216 -0.043421
v 0.840922 -0.349538 -0.013375
v 0.740056 -0.282729 0.041046
v 0.679670 -0.187962 0.111556
v 0.668959 -0.079662 0.187421
v 0.709552 0.025681 0.257092
v 0.795270 0.112031 0.309961
v 0.913063 0.166242 0.337980
v 1.044998 0.180060 0.336882
v 1.170990 0.151382 0.306836
v 1.271856 0.084573 0.252415
v 1.332242 -0.010194 0.181905
v 1.342954 -0.118494 0.106040
v 1.340000 0.000000 0.000000
v 1.314119 -0.108260 -0.072174
v 1.240416 -0.200038 -0.133359
v 1.130112 -0.261362 -0.174243
v 1.000000 -0.282897 -0.188599
v 0.869888 -0.261362 -0.174243
v 0.759584 -0.200038 -0.133359
v 0.685881 -0.108260 -0.072174
v 0.660000 -0.000000 -0.000000
v 0.685881 0.108260 0.072174
v 0.759584 0.200038 0.133359
v 0.869888 0.261362 0.174243
v 1.000000 0.282897 0.188599
v 1.130112 0.261362 0.174243
v 1.240416 0.200038 0.133359
v 1.314119 0.108260 0.072174
v 1.302360 0.223837 -0.036369
v 1.342954 0.118494 -0.106040
v 1.332242 0.010194 -0.181905
v 1.271856 -0.084573 -0.252415
v 1.170990 -0.151382 -0.306836
v 1.044998 -0.180060 -0.336882
v 0.913063 -0.166242 -0.337980
v 0.795270 -0.112031 -0.309961
v 0.709552 -0.025681 -0.257092
v 0.668959 0.079662 -0.187421
v 0.679670 0.187962 -0.111556
v 0.740056 0.282729 -0.041046
v 0.840922 0.349538 0.013375
v 0.966914 0.378216 0.043421
v 1.098849 0.364398 0.044519
v 1.216642 0.310187 0.016500
v 1.219833 0.407289 -0.102322
v 1.309746 0.323799 -0.152762
v 1.356008 0.221994 -0.224139
v 1.351574 0.117372 -0.305585
v 1.297121 0.025860 -0.384703
v 1.200938 -0.038608 -0.449446
v 1.077668 -0.066220 -0.489958
v 0.946079 -0.052770 -0.500072
v 0.826202 -0.000307 -0.478247
v 0.736289 0.083182 -0.427807
v 0.690028 0.184988 -0.356431
v 0.694461 0.289610 -0.274984
v 0.748914 0.381121 -0.195867
v 0.845097 0.445590 -0.131124
v 0.968367 0.473202 -0.090611
v 1.099957 0.459752 -0.080498
v 1.135760 0.551512 -0.196070
v 1.253213 0.495370 -0.221601
v 1.339549 0.412249 -0.278487
v 1.381623 0.314803 -0.358067
v 1.373031 0.217867 -0.448227
v 1.315080 0.136199 -0.535239
v 1.216593 0.082232 -0.605857
v 1.092564 0.064183 -0.649330
v 0.961874 0.084798 -0.659040
v 0.844421 0.140940 -0.633509
v 0.758085 0.224061 -0.576623
v 0.716010 0.321507 -0.497043
v 0.724602 0.418443 -0.406884
v 0.782553 0.500111 -0.319872
v 0.881040 0.554078 -0.249253
v 1.005070 0.572127 -0.205780
v 1.067506 0.674881 -0.303370
v 1.196566 0.644198 -0.304378
v 1.307817 0.583520 -0.343628
v 1.384320 0.502085 -0.415145
v 1.414430 0.412291 -0.508040
v 1.393562 0.327808 -0.608171
v 1.324894 0.261498 -0.700294
v 1.218878 0.223456 -0.770384
v 1.091656 0.219473 -0.807771
v 0.962596 0.250157 -0.806762
v 0.851346 0.310835 -0.767512
v 0.774842 0.392270 -0.695996
v 0.744732 0.482064 -0.603101
v 0.765600 0.566547 -0.502970
v 0.834269 0.632857 -0.410846
v 0.940284 0.670899 -0.340756
v 1.015679 0.792599 -0.412724
v 1.146306 0.783098 -0.391619
v 1.271464 0.744734 -0.413132
v 1.372098 0.683347 -0.473988
v 1.432889 0.608284 -0.564923
v 1.444580 0.530972 -0.672092
v 1.405393 0.463181 -0.779180
v 1.321294 0.415232 -0.869883
v 1.205085 0.394424 -0.930394
v 1.074458 0.403925 -0.951499
v 0.949300 0.442290 -0.929986
v 0.848666 0.503676 -0.869130
v 0.787875 0.578739 -0.778195
v 0.776184 0.656051 -0.671026
v 0.815371 0.723842 -0.563938
v 0.899470 0.771791 -0.473234
v 0.975218 0.914262 -0.516652
v 1.101412 0.921252 -0.476338
v 1.232790 0.903494 -0.481191
v 1.349350 0.863691 -0.530470
v 1.433348 0.807902 -0.616673
v 1.471995 0.744622 -0.726678
v 1.459408 0.683483 -0.843736
v 1.397502 0.633794 -0.950027
v 1.295703 0.603119 -1.029369
v 1.169509 0.596129 -1.069683
v 1.038131 0.613887 -1.064830
v 0.921571 0.653690 -1.015551
v 0.837573 0.709478 -0.929347
v 0.798926 0.772759 -0.819343
v 0.811513 0.833898 -0.702284
v 0.873419 0.883587 -0.595993
v 0.939491 1.045355 -0.610105
v 1.057949 1.064436 -0.553514
v 1.190211 1.064976 -0.543238
v 1.316140 1.046891 -0.580840
v 1.416565 1.012936 -0.660596
v 1.476196 0.968279 -0.770363
v 1.485956 0.919720 -0.893431
v 1.444359 0.874650 -1.011064
v 1.357738 0.839931 -1.105353
v 1.239279 0.820850 -1.161943
v 1.107017 0.820311 -1.172219
v 0.981088 0.838395 -1.134617
v 0.880664 0.872350 -1.054862
v 0.821032 0.917007 -0.945094
v 0.811272 0.965567 -0.822026
v 0.852869 1.010637 -0.704393
v 0.901512 1.188339 -0.689389
v 1.010783 1.215704 -0.619316
v 1.140276 1.232094 -0.595611
v 1.270278 1.235014 -0.621881
v 1.380996 1.224020 -0.694128
v 1.455575 1.200784 -0.801353
v 1.482662 1.168846 -0.927231
v 1.458131 1.133066 -1.052599
v 1.385719 1.098892 -1.158370
v 1.276448 1.071527 -1.228443
v 1.146955 1.055137 -1.252148
v 1.016953 1.052217 -1.225878
v 0.906235 1.063211 -1.153631
v 0.831656 1.086447 -1.046406
v 0.804569 1.118385 -0.920528
v 0.829100 1.154165 -0.795160
v 0.854450 1.343175 -0.751686
v 0.954345 1.375765 -0.670705
v 1.078643 1.405680 -0.635294
v 1.208422 1.428366 -0.650843
v 1.323924 1.440369 -0.714986
v 1.407565 1.439861 -0.817957
v 1.446610 1.426921 -0.944080
v 1.435117 1.403518 -1.074154
v 1.374833 1.373215 -1.188376
v 1.274938 1.340625 -1.269357
v 1.150640 1.310710 -1.304769
v 1.020861 1.288024 -1.289220
v 0.905359 1.276021 -1.225077
v 0.821718 1.276528 -1.122105
v 0.782673 1.289468 -0.995982
v 0.794167 1.312871 -0.865908
v 0.792040 1.507637 -0.794894
v 0.883182 1.543201 -0.705298
v 1.000738 1.584586 -0.659834
v 1.126811 1.625492 -0.665425
v 1.242208 1.659692 -0.721218
v 1.329361 1.681979 -0.818720
v 1.375002 1.688960 -0.943088
v 1.372181 1.679572 -1.075386
v 1.321330 1.655244 -1.195475
v 1.230188 1.619681 -1.285072
v 1.112632 1.578296 -1.330535
v 0.986559 1.537389 -1.324945
v 0.871162 1.503190 -1.269152
v 0.784009 1.480903 -1.171649
v 0.738368 1.473922 -1.047282
v 0.741189 1.483310 -0.914983
v 0.709020 1.677633 -0.817593
v 0.792468 1.714701 -0.721356
v 0.902323 1.765839 -0.667358
v 1.021861 1.823260 -0.663817
v 1.132882 1.878224 -0.711274
v 1.218486 1.922363 -0.802504
v 1.265640 1.948956 -0.923617
v 1.267164 1.953955 -1.056175
v 1.222828 1.936600 -1.179998
v 1.139380 1.899532 -1.276234
v 1.029525 1.848394 -1.330233
v 0.909987 1.790972 -1.333774
v 0.798965 1.736008 -1.286317
v 0.713361 1.691870 -1.195087
v 0.666208 1.665277 -1.073974
v 0.664683 1.660277 -0.941416
v 0.601507 1.847588 -0.819041
v 0.678463 1.885382 -0.717806
v 0.780015 1.944888 -0.656607
v 0.890704 2.017046 -0.644762
v 0.993676 2.090872 -0.684073
v 1.073257 2.155127 -0.768556
v 1.117330 2.200027 -0.885349
v 1.119186 2.218737 -1.016671
v 1.078542 2.208410 -1.142530
v 1.001586 2.170616 -1.243765
v 0.900034 2.111111 -1.304963
v 0.789346 2.038952 -1.316809
v 0.686373 1.965126 -1.277497
v 0.606792 1.900871 -1.193015
v 0.562719 1.855971 -1.076222
v 0.560863 1.837261 -0.944900
v 0.467300 2.010922 -0.799161
v 0.538889 2.049212 -0.694242
v 0.631712 2.115979 -0.626973
v 0.731637 2.201058 -0.607594
v 0.823451 2.291497 -0.639056
v 0.893178 2.373528 -0.716570
v 0.930200 2.434661 -0.828333
v 0.928883 2.465590 -0.957332
v 0.889427 2.461607 -1.083927
v 0.817838 2.423317 -1.188846
v 0.725015 2.356550 -1.256115
v 0.625090 2.271470 -1.275494
v 0.533275 2.181031 -1.244032
v 0.463549 2.099001 -1.166518
v 0.426526 2.037867 -1.054755
v 0.427843 2.006938 -0.925756
v 0.306044 2.160552 -0.758507
v 0.373171 2.199498 -0.650914
v 0.456889 2.272609 -0.578490
v 0.544452 2.368754 -0.552261
v 0.622530 2.473296 -0.576220
v 0.679235 2.570319 -0.646719
v 0.705935 2.645052 -0.753025
v 0.698565 2.686119 -0.878955
v 0.658247 2.687267 -1.005336
v 0.591120 2.648321 -1.112928
v 0.507402 2.575210 -1.185352
v 0.419839 2.479065 -1.211581
v 0.341762 2.374523 -1.187623
v 0.285056 2.277500 -1.117124
v 0.258356 2.202767 -1.010817
v 0.265726 2.161700 -0.884888
v 0.119268 2.289417 -0.698209
v 0.182545 2.329404 -0.588683
v 0.256765 2.408029 -0.511815
v 0.330629 2.513322 -0.479310
v 0.392890 2.629253 -0.496115
v 0.434072 2.738174 -0.559672
v 0.447903 2.823501 -0.660305
v 0.432279 2.872244 -0.782694
v 0.389578 2.876983 -0.908206
v 0.326301 2.836997 -1.017732
v 0.252081 2.758372 -1.094600
v 0.178217 2.653079 -1.127105
v 0.115956 2.537147 -1.110300
v 0.074774 2.428227 -1.046743
v 0.060943 2.342900 -0.946110
v 0.076567 2.294156 -0.823721
v -0.089708 2.390957 -0.619918
v -0.029981 2.432443 -0.508964
v 0.034310 2.515743 -0.428175
v 0.093377 2.628177 -0.389852
v 0.138229 2.752627 -0.399827
v 0.162037 2.870147 -0.456584
v 0.161176 2.962846 -0.551480
v 0.135777 3.016611 -0.670068
v 0.089708 3.023256 -0.794296
v 0.029981 2.981771 -0.905250
v -0.034310 2.898471 -0.986038
v -0.093377 2.786037 -1.024362
v -0.138229 2.661586 -1.014386
v -0.162037 2.544066 -0.957630
v -0.161176 2.451368 -0.862734
v -0.135777 2.397603 -0.744145
v -0.315974 2.459549 -0.525729
v -0.259782 2.502937 -0.413662
v -0.205870 2.589984 -0.329309
v -0.162447 2.707437 -0.285511
v -0.136123 2.837416 -0.288937
v -0.130905 2.960131 -0.339064
v -0.147589 3.056901 -0.428262
v -0.183633 3.112994 -0.542950
v -0.233551 3.119870 -0.665669
v -0.289743 3.076481 -0.777736
v -0.343654 2.989434 -0.862090
v -0.387078 2.871981 -0.905887
v -0.413402 2.742003 -0.902462
v -0.418619 2.619288 -0.852335
v -0.401936 2.522517 -0.763137
v -0.365892 2.466425 -0.648448
v -0.553327 2.490864 -0.418123
v -0.500875 2.536406 -0.305102
v -0.457765 2.626120 -0.217398
v -0.430560 2.746347 -0.168363
v -0.423401 2.878783 -0.165462
v -0.437378 3.003267 -0.209136
v -0.470363 3.100846 -0.292738
v -0.517336 3.156666 -0.403539
v -0.571143 3.162228 -0.524670
v -0.623595 3.116686 -0.637691
v -0.666705 3.026972 -0.725396
v -0.693910 2.906745 -0.774431
v -0.701069 2.774309 -0.777332
v -0.687092 2.649825 -0.733657
v -0.654106 2.552246 -0.650055
v -0.607134 2.496426 -0.539255
v -0.794634 2.482136 -0.299889
v -0.746267 2.529863 -0.185951
v -0.714284 2.620982 -0.094993
v -0.703554 2.741621 -0.040861
v -0.715711 2.873412 -0.031796
v -0.748903 2.996294 -0.069180
v -0.798078 3.091557 -0.147320
v -0.855749 3.144698 -0.254320
v -0.913136 3.147629 -0.373891
v -0.961503 3.099901 -0.487828
v -0.993486 3.008782 -0.578787
v -1.004216 2.888144 -0.632919
v -0.992060 2.756352 -0.641983
v -0.958867 2.633471 -0.604600
v -0.909692 2.538208 -0.526460
v -0.852021 2.485066 -0.419460
v -1.032247 2.432334 -0.174056
v -0.988350 2.482021 -0.059150
v -0.967647 2.573098 0.035060
v -0.973289 2.691698 0.094232
v -1.004418 2.819765 0.109357
v -1.056294 2.937803 0.078132
v -1.121019 3.027842 0.005313
v -1.188740 3.076173 -0.098017
v -1.249147 3.075439 -0.216125
v -1.293044 3.025752 -0.331030
v -1.313747 2.934675 -0.425240
v -1.308105 2.816075 -0.484412
v -1.276976 2.688008 -0.499537
v -1.225101 2.569970 -0.468313
v -1.160375 2.479931 -0.395493
v -1.092654 2.431600 -0.292164
v -1.258435 2.342229 -0.043822
v -1.219336 2.393393 0.072164
v -1.209815 2.482817 0.169692
v -1.231322 2.596886 0.233917
v -1.280582 2.718234 0.255059
v -1.350097 2.828388 0.229902
v -1.429283 2.910577 0.162273
v -1.506084 2.952289 0.062470
v -1.568809 2.947174 -0.054314
v -1.607909 2.896010 -0.170299
v -1.617430 2.806586 -0.267828
v -1.595923 2.692517 -0.332052
v -1.546662 2.571169 -0.353195
v -1.477148 2.461015 -0.328037
v -1.397962 2.378826 -0.260408
v -1.321160 2.337114 -0.160605
v -1.465826 2.214356 0.087520
v -1.431696 2.266283 0.204728
v -1.432937 2.352329 0.305691
v -1.469360 2.459397 0.375037
v -1.535421 2.571185 0.402210
v -1.621063 2.670676 0.383071
v -1.713247 2.742721 0.320536
v -1.797938 2.776354 0.224125
v -1.862245 2.766454 0.108514
v -1.896375 2.714528 -0.008694
v -1.895134 2.628481 -0.109657
v -1.858711 2.521413 -0.179003
v -1.792649 2.409625 -0.206175
v -1.707008 2.310135 -0.187037
v -1.614824 2.238089 -0.124502
v -1.530132 2.204456 -0.028091
v -1.647816 2.052874 0.216650
v -1.618584 2.104672 0.335231
v -1.629785 2.185576 0.439768
v -1.679713 2.283272 0.514346
v -1.760768 2.382884 0.547611
v -1.860609 2.469249 0.534499
v -1.964037 2.529217 0.477005
v -2.055305 2.553660 0.383884
v -2.120520 2.538856 0.269311
v -2.149752 2.487059 0.150729
v -2.138551 2.406154 0.046192
v -2.088623 2.308459 -0.028386
v -2.007568 2.208846 -0.061651
v -1.907727 2.122482 -0.048538
v -1.804299 2.062513 0.008955
v -1.713030 2.038070 0.102077
v -1.798940 1.863334 0.340298
v -1.774226 1.914014 0.460381
v -1.794161 1.988059 0.568635
v -1.855707 2.074198 0.648580
v -1.949497 2.159316 0.688044
v -2.061251 2.230456 0.681020
v -2.173955 2.276786 0.628577
v -2.270452 2.291253 0.538699
v -2.336050 2.271656 0.425068
v -2.360764 2.220976 0.304986
v -2.340830 2.146931 0.196731
v -2.279283 2.060792 0.116787
v -2.185493 1.975674 0.077322
v -2.073739 1.904534 0.084347
v -1.961035 1.858204 0.136790
v -1.864538 1.843737 0.226668
v -1.915175 1.652365 0.455316
v -1.894244 1.700937 0.576978
v -1.921239 1.766558 0.689068
v -1.992052 1.839238 0.774521
v -2.095902 1.907912 0.820328
v -2.216978 1.962124 0.819515
v -2.336847 1.993623 0.772205
v -2.437262 1.997611 0.685602
v -2.502933 1.973483 0.572889
v -2.523865 1.924911 0.451227
v -2.496869 1.859290 0.339137
v -2.426056 1.786610 0.253684
v -2.322206 1.717936 0.207877
v -2.201130 1.663723 0.208691
v -2.081261 1.632225 0.256000
v -1.980847 1.628237 0.342604
v -1.994164 1.427294 0.558746
v -1.975903 1.472881 0.681983
v -2.007846 1.528778 0.797975
v -2.085131 1.586476 0.889063
v -2.195992 1.637189 0.941380
v -2.323551 1.673198 0.946961
v -2.448388 1.689021 0.904957
v -2.551498 1.682248 0.821761
v -2.617184 1.653911 0.710041
v -2.635445 1.608323 0.586804
v -2.603502 1.552426 0.470812
v -2.526216 1.494728 0.379724
v -2.415356 1.444015 0.327407
v -2.287797 1.408006 0.321825
v -2.162960 1.392183 0.363830
v -2.059849 1.398956 0.447025
v -2.035340 1.195722 0.647893
v -2.018274 1.237680 0.772582
v -2.052640 1.282939 0.892456
v -2.133206 1.324609 0.989264
v -2.247706 1.356346 1.048269
v -2.378709 1.373319 1.060487
v -2.506270 1.372942 1.024059
v -2.610970 1.355275 0.944531
v -2.676869 1.323006 0.834009
v -2.693935 1.281048 0.709320
v -2.659569 1.235789 0.589447
v -2.579003 1.194119 0.492638
v -2.464503 1.162382 0.433633
v -2.333501 1.145410 0.421415
v -2.205939 1.145786 0.457843
v -2.101239 1.163453 0.537371
v -2.039952 0.965080 0.720399
v -2.022293 1.003117 0.846258
v -2.056205 1.037327 0.969865
v -2.136525 1.062501 1.072403
v -2.251025 1.074806 1.138260
v -2.382274 1.072370 1.157412
v -2.510291 1.055563 1.126942
v -2.615585 1.026943 1.051489
v -2.682126 0.990869 0.942540
v -2.699785 0.952831 0.816682
v -2.665873 0.918622 0.693074
v -2.585553 0.893448 0.590537
v -2.471053 0.881143 0.524679
v -2.339804 0.883579 0.505527
v -2.211787 0.900386 0.535997
v -2.106493 0.929005 0.611450
v -2.010972 0.742173 0.774308
v -1.990705 0.776469 0.900846
v -2.021031 0.799836 1.027864
v -2.097332 0.808717 1.136022
v -2.207993 0.801759 1.208856
v -2.336167 0.780022 1.235276
v -2.462340 0.746816 1.211261
v -2.567304 0.707194 1.140467
v -2.635078 0.667191 1.033671
v -2.655346 0.632895 0.907132
v -2.625020 0.609528 0.780115
v -2.548719 0.600647 0.671956
v -2.438057 0.607605 0.599123
v -2.309883 0.629342 0.572702
v -2.183710 0.662548 0.596717
v -2.078747 0.702170 0.667512
v -1.952902 0.532765 0.808135
v -1.927918 0.564067 0.934607
v -1.951402 0.577518 1.064479
v -2.019778 0.571071 1.177979
v -2.122636 0.545706 1.257827
v -2.244318 0.505285 1.291869
v -2.366298 0.455962 1.274921
v -2.470006 0.405247 1.209563
v -2.539653 0.360859 1.105745
v -2.564637 0.329557 0.979274
v -2.541153 0.316106 0.849402
v -2.472777 0.322554 0.735902
v -2.369919 0.347919 0.656053
v -2.248237 0.388340 0.622012
v -2.126257 0.437662 0.638960
v -2.022549 0.488378 0.704318
v -1.871458 0.341203 0.820937
v -1.839735 0.370896 0.946281
v -1.853175 0.376158 1.078155
v -1.909733 0.356188 1.196482
v -2.000797 0.314025 1.283250
v -2.112505 0.256088 1.325247
v -2.227850 0.191198 1.316081
v -2.329271 0.129235 1.257146
v -2.401328 0.079630 1.157416
v -2.433052 0.049936 1.032072
v -2.419612 0.044674 0.900198
v -2.363054 0.064645 0.781871
v -2.271989 0.106808 0.695103
v -2.160282 0.164745 0.653106
v -2.044937 0.229634 0.662272
v -1.943516 0.291598 0.721207
v -1.773170 0.170122 0.812365
v -1.732993 0.200255 0.935153
v -1.733465 0.199901 1.067813
v -1.774514 0.169114 1.190149
v -1.849892 0.112581 1.283537
v -1.948122 0.038908 1.333759
v -2.054250 -0.040688 1.333169
v -2.152119 -0.114089 1.281857
v -2.226830 -0.170122 1.187635
v -2.267007 -0.200255 1.064847
v -2.266535 -0.199901 0.932187
v -2.225486 -0.169114 0.809851
v -2.150108 -0.112581 0.716463
v -2.051878 -0.038908 0.666241
v -1.945750 0.040688 0.666831
v -1.847881 0.114089 0.718143
v -1.664888 0.020259 0.782714
v -1.615116 0.053502 0.901107
v -1.600243 0.050945 1.032907
v -1.622532 0.012977 1.158049
v -1.678590 -0.054621 1.257483
v -1.759883 -0.141559 1.316069
v -1.854034 -0.234601 1.324889
v -1.946711 -0.319582 1.282599
v -2.023803 -0.383564 1.195639
v -2.073575 -0.416807 1.077246
v -2.088448 -0.414250 0.945446
v -2.066159 -0.376282 0.820304
v -2.010101 -0.308683 0.720870
v -1.928808 -0.221745 0.662284
v -1.834657 -0.128703 0.653464
v -1.741980 -0.043723 0.695754
v -1.553243 -0.109613 0.732952
v -1.493605 -0.070089 0.844666
v -1.461867 -0.070675 0.973474
v -1.462859 -0.111280 1.099764
v -1.496432 -0.185724 1.204311
v -1.557474 -0.282673 1.271198
v -1.636692 -0.387367 1.290242
v -1.722026 -0.483868 1.258544
v -1.800484 -0.557484 1.180929
v -1.860122 -0.597008 1.069214
v -1.891861 -0.596423 0.940407
v -1.890868 -0.555818 0.814116
v -1.857295 -0.481374 0.709570
v -1.796253 -0.384425 0.642683
v -1.717035 -0.279731 0.623639
v -1.631701 -0.183230 0.655337
v -1.444098 -0.222629 0.664724
v -1.375491 -0.173372 0.767027
v -1.326560 -0.167212 0.890181
v -1.304755 -0.205086 1.015437
v -1.313395 -0.281230 1.123726
v -1.351165 -0.384050 1.198562
v -1.412315 -0.497894 1.228553
v -1.487535 -0.605429 1.209131
v -1.565374 -0.690284 1.143254
v -1.633981 -0.739542 1.040952
v -1.682912 -0.745702 0.917798
v -1.704717 -0.707827 0.792542
v -1.696077 -0.631683 0.684252
v -1.658307 -0.528863 0.609416
v -1.597157 -0.415019 0.579426
v -1.521937 -0.307484 0.598848
v -1.342026 -0.323652 0.580366
v -1.266809 -0.261257 0.670079
v -1.201894 -0.243240 0.784361
v -1.157164 -0.272345 0.905815
v -1.139428 -0.344141 1.015951
v -1.151388 -0.447697 1.098002
v -1.191221 -0.567247 1.139475
v -1.252864 -0.684592 1.134057
v -1.326932 -0.781867 1.082573
v -1.402149 -0.844262 0.992861
v -1.467064 -0.862278 0.878578
v -1.511794 -0.833173 0.757124
v -1.529530 -0.761378 0.646988
v -1.517571 -0.657822 0.564938
v -1.477737 -0.538272 0.523464
v -1.416094 -0.420927 0.528882
v -1.249839 -0.419062 0.482959
v -1.172113 -0.340621 0.556476
v -1.094306 -0.305660 0.658077
v -1.028264 -0.319502 0.772296
v -0.984040 -0.380039 0.881742
v -0.968367 -0.478056 0.969754
v -0.983632 -0.598629 1.022933
v -1.027510 -0.723404 1.033183
v -1.093322 -0.833384 0.998943
v -1.171048 -0.911825 0.925427
v -1.248855 -0.946786 0.823825
v -1.314897 -0.932944 0.709607
v -1.359121 -0.872406 0.600160
v -1.374794 -0.774390 0.512148
v -1.359529 -0.653816 0.458969
v -1.315650 -0.529042 0.448719
v -1.168069 -0.516562 0.376571
v -1.093981 -0.420285 0.429869
v -1.008661 -0.363802 0.514304
v -0.925099 -0.355714 0.617022
v -0.856015 -0.397251 0.722385
v -0.811928 -0.482089 0.814351
v -0.799549 -0.597313 0.878921
v -0.820763 -0.725381 0.906263
v -0.872340 -0.846796 0.892216
v -0.946428 -0.943073 0.838918
v -1.031748 -0.999555 0.754482
v -1.115310 -1.007644 0.651764
v -1.184394 -0.966107 0.546402
v -1.228481 -0.881269 0.454435
v -1.240860 -0.766045 0.389866
v -1.219646 -0.637977 0.362523
v -1.094073 -0.624971 0.266904
v -1.032218 -0.511168 0.295571
v -0.947644 -0.429865 0.357508
v -0.853226 -0.393441 0.443284
v -0.763340 -0.407440 0.539843
v -0.691668 -0.469731 0.632482
v -0.649124 -0.570831 0.707100
v -0.642183 -0.695349 0.752335
v -0.671902 -0.824327 0.761302
v -0.733758 -0.938131 0.732634
v -0.818332 -1.019433 0.670698
v -0.912749 -1.055858 0.584921
v -1.002636 -1.041859 0.488363
v -1.074307 -0.979567 0.395723
v -1.116852 -0.878467 0.321106
v -1.123792 -0.753949 0.275871
v -1.019989 -0.753316 0.162612
v -0.981885 -0.626245 0.162140
v -0.910142 -0.519680 0.195244
v -0.815684 -0.449843 0.256884
v -0.712890 -0.427366 0.337676
v -0.617411 -0.455672 0.425320
v -0.543781 -0.530451 0.506472
v -0.503210 -0.640319 0.568780
v -0.501875 -0.768549 0.602755
v -0.539980 -0.895619 0.603227
v -0.611722 -1.002185 0.570123
v -0.706180 -1.072022 0.508483
v -0.808974 -1.094498 0.427691
v -0.904454 -1.066192 0.340047
v -0.978083 -0.991413 0.258894
v -1.018654 -0.881546 0.196587
v -0.928777 -0.906185 0.076642
v -0.928478 -0.777601 0.044008
v -0.886302 -0.651844 0.041666
v -0.808669 -0.548061 0.069972
v -0.707399 -0.482051 0.124617
v -0.597908 -0.463864 0.197282
v -0.496867 -0.496268 0.276904
v -0.419657 -0.574331 0.351361
v -0.378033 -0.686168 0.409318
v -0.378332 -0.814752 0.441952
v -0.420509 -0.940509 0.444294
v -0.498142 -1.044292 0.415988
v -0.599412 -1.110302 0.361343
v -0.708902 -1.128489 0.288679
v -0.809944 -1.096085 0.209057
v -0.887153 -1.018022 0.134599
v -0.793330 -1.068976 0.021782
v -0.842272 -0.961999 -0.039534
v -0.847974 -0.835759 -0.079908
v -0.809567 -0.709476 -0.093195
v -0.732899 -0.602375 -0.077372
v -0.629642 -0.530761 -0.034847
v -0.515515 -0.505536 0.027905
v -0.407893 -0.530542 0.101331
v -0.323161 -0.601970 0.174253
v -0.274219 -0.708948 0.235568
v -0.268517 -0.835187 0.275942
v -0.306924 -0.961470 0.289229
v -0.383592 -1.068572 0.273406
v -0.486849 -1.140186 0.230881
v -0.600976 -1.165410 0.168129
v -0.708598 -1.140405 0.094703
v -0.600733 -1.195232 -0.010084
v -0.694639 -1.137544 -0.083927
v -0.754645 -1.041101 -0.152463
v -0.771615 -0.920586 -0.205258
v -0.742966 -0.794347 -0.234275
v -0.673060 -0.681602 -0.235095
v -0.572538 -0.599516 -0.207595
v -0.456706 -0.560584 -0.155960
v -0.343196 -0.570736 -0.088052
v -0.249290 -0.628424 -0.014208
v -0.189284 -0.724866 0.054328
v -0.172314 -0.845381 0.107123
v -0.200963 -0.971620 0.136139
v -0.270869 -1.084365 0.136960
v -0.371391 -1.166452 0.109459
v -0.487224 -1.205383 0.057824
v -0.387330 -1.251231 -0.054588
v -0.503230 -1.253102 -0.119108
v -0.601897 -1.207555 -0.195196
v -0.668310 -1.121523 -0.271267
v -0.692359 -1.008105 -0.335741
v -0.670381 -0.884566 -0.378803
v -0.605724 -0.769715 -0.393896
v -0.508230 -0.681037 -0.378722
v -0.392743 -0.632032 -0.335593
v -0.276843 -0.630161 -0.271073
v -0.178176 -0.675708 -0.194985
v -0.111763 -0.761740 -0.118914
v -0.087715 -0.875159 -0.054439
v -0.109692 -0.998697 -0.011378
v -0.174349 -1.113548 0.003715
v -0.271843 -1.202226 -0.011458
v -0.197918 -1.260517 -0.131168
v -0.313058 -1.310999 -0.173517
v -0.427314 -1.316096 -0.240738
v -0.523292 -1.275030 -0.322597
v -0.586380 -1.194055 -0.406632
v -0.606973 -1.085497 -0.480050
v -0.581937 -0.965884 -0.531672
v -0.515083 -0.853425 -0.553641
v -0.416589 -0.765242 -0.542612
v -0.301449 -0.714759 -0.500263
v -0.187193 -0.709663 -0.433042
v -0.091215 -0.750728 -0.351183
v -0.028127 -0.831704 -0.267148
v -0.007534 -0.940261 -0.193730
v -0.032570 -1.059875 -0.142107
v -0.099424 -1.172333 -0.120138
v -0.041027 -1.259210 -0.230996
v -0.143339 -1.341894 -0.248159
v -0.257037 -1.387234 -0.299307
v -0.364811 -1.388327 -0.376654
v -0.450254 -1.345006 -0.468425
v -0.500357 -1.263867 -0.560649
v -0.507493 -1.157263 -0.639285
v -0.470576 -1.041422 -0.692361
v -0.395226 -0.933981 -0.711797
v -0.292913 -0.851296 -0.694635
v -0.179216 -0.805956 -0.643487
v -0.071442 -0.804863 -0.566139
v 0.014001 -0.848184 -0.474368
v 0.064104 -0.929323 -0.382145
v 0.071240 -1.035928 -0.303509
v 0.034323 -1.151768 -0.250433
v 0.094192 -1.265199 -0.340029
v 0.008951 -1.366632 -0.333358
v -0.095511 -1.441330 -0.366626
v -0.203292 -1.477923 -0.434768
v -0.297982 -1.470838 -0.527411
v -0.365166 -1.421156 -0.630450
v -0.394615 -1.336438 -0.728198
v -0.381847 -1.229584 -0.805775
v -0.328805 -1.116860 -0.851369
v -0.243564 -1.015427 -0.858040
v -0.139101 -0.940729 -0.824773
v -0.031320 -0.904136 -0.756630
v 0.063370 -0.911221 -0.663988
v 0.130554 -0.960904 -0.560949
v 0.160003 -1.045621 -0.463201
v 0.147235 -1.152475 -0.385624
v 0.220235 -1.283287 -0.448255
v 0.152384 -1.393833 -0.420418
v 0.061333 -1.489011 -0.436227
v -0.039055 -1.554332 -0.493274
v -0.133497 -1.579852 -0.582876
v -0.207616 -1.561684 -0.691391
v -0.250127 -1.502596 -0.802298
v -0.254558 -1.411582 -0.898713
v -0.220235 -1.302499 -0.965958
v -0.152384 -1.191953 -0.993795
v -0.061333 -1.096775 -0.977987
v 0.039055 -1.031454 -0.920939
v 0.133497 -1.005935 -0.831337
v 0.207616 -1.024102 -0.722823
v 0.250127 -1.083191 -0.611916
v 0.254558 -1.174204 -0.515500
v 0.346993 -1.312459 -0.549170
v 0.295001 -1.425482 -0.503110
v 0.219052 -1.534252 -0.502737
v 0.130711 -1.622207 -0.548108
v 0.043424 -1.675960 -0.632315
v -0.029517 -1.687325 -0.742540
v -0.077010 -1.654572 -0.862000
v -0.091824 -1.582689 -0.972510
v -0.071702 -1.482618 -1.057245
v -0.019710 -1.369595 -1.103305
v 0.056239 -1.260826 -1.103678
v 0.144581 -1.172870 -1.058307
v 0.231867 -1.119118 -0.974100
v 0.304809 -1.107753 -0.863875
v 0.352301 -1.140505 -0.744415
v 0.367115 -1.212388 -0.633905
v 0.481683 -1.348999 -0.638262
v 0.443193 -1.460127 -0.576876
v 0.382632 -1.577208 -0.561931
v 0.309219 -1.682418 -0.595702
v 0.234131 -1.759740 -0.673047
v 0.168799 -1.797401 -0.782191
v 0.123170 -1.789669 -0.906518
v 0.104190 -1.737721 -1.027100
v 0.114749 -1.649464 -1.125581
v 0.153238 -1.538336 -1.186966
v 0.213800 -1.421255 -1.201911
v 0.287212 -1.316045 -1.168141
v 0.362300 -1.238723 -1.090796
v 0.427632 -1.201062 -0.981652
v 0.473261 -1.208794 -0.857325
v 0.492241 -1.260742 -0.736742
v 0.629167 -1.387653 -0.712160
v 0.601576 -1.494258 -0.638178
v 0.555898 -1.615666 -0.610381
v 0.499088 -1.733394 -0.633000
v 0.439794 -1.829520 -0.702593
v 0.387044 -1.889409 -0.808563
v 0.348868 -1.903944 -0.934779
v 0.331079 -1.870912 -1.062025
v 0.336383 -1.795341 -1.170928
v 0.363975 -1.688737 -1.244910
v 0.409653 -1.567329 -1.272707
v 0.466463 -1.449600 -1.250088
v 0.525757 -1.353474 -1.180495
v 0.578507 -1.293585 -1.074525
v 0.616682 -1.279050 -0.948309
v 0.634472 -1.312083 -0.821063
v 0.792100 -1.422229 -0.768294
v 0.772924 -1.523025 -0.684201
v 0.741232 -1.645818 -0.645261
v 0.701848 -1.771916 -0.657401
v 0.660769 -1.882120 -0.718774
v 0.624247 -1.959653 -0.820035
v 0.597844 -1.992711 -0.945769
v 0.585578 -1.976262 -1.076834
v 0.589318 -1.912809 -1.193277
v 0.608494 -1.812014 -1.277369
v 0.640186 -1.689220 -1.316309
v 0.679570 -1.563122 -1.304169
v 0.720649 -1.452918 -1.242797
v 0.757171 -1.375385 -1.141536
v 0.783574 -1.342327 -1.015801
v 0.795840 -1.358776 -0.884736
v 0.970969 -1.446106 -0.804790
v 0.958088 -1.540800 -0.712777
v 0.939358 -1.662861 -0.664308
v 0.917629 -1.793708 -0.666762
v 0.896210 -1.913420 -0.719764
v 0.878362 -2.003772 -0.815247
v 0.866801 -2.051009 -0.938673
v 0.863288 -2.047940 -1.071253
v 0.868358 -1.995031 -1.192801
v 0.881238 -1.900338 -1.284814
v 0.899968 -1.778276 -1.333283
v 0.921697 -1.647430 -1.330829
v 0.943116 -1.527718 -1.277827
v 0.960965 -1.437365 -1.182344
v 0.972525 -1.390128 -1.058918
v 0.976038 -1.393198 -0.926338
v 1.164181 -1.452775 -0.820454
v 1.155966 -1.541736 -0.722385
v 1.149217 -1.661557 -0.665848
v 1.144962 -1.793996 -0.659449
v 1.143847 -1.918890 -0.704163
v 1.146044 -2.017225 -0.793183
v 1.151217 -2.074030 -0.912955
v 1.158580 -2.080659 -1.045246
v 1.167010 -2.036100 -1.169916
v 1.175225 -1.947139 -1.267984
v 1.181975 -1.827318 -1.324521
v 1.186230 -1.694879 -1.330920
v 1.187344 -1.569985 -1.286206
v 1.185148 -1.471650 -1.197187
v 1.179974 -1.414845 -1.077415
v 1.172612 -1.408216 -0.945123
v 1.368247 -1.436352 -0.814769
v 1.363598 -1.520329 -0.712176
v 1.367981 -1.636812 -0.648839
v 1.380731 -1.768067 -0.634400
v 1.399905 -1.894113 -0.671059
v 1.422584 -1.995760 -0.753233
v 1.445317 -2.057533 -0.868413
v 1.464641 -2.070028 -0.999063
v 1.477616 -2.031342 -1.125294
v 1.482265 -1.947365 -1.227887
v 1.477882 -1.830883 -1.291224
v 1.465132 -1.699627 -1.305662
v 1.445958 -1.573581 -1.269004
v 1.423279 -1.471934 -1.186829
v 1.400546 -1.410161 -1.071650
v 1.381222 -1.397666 -0.940999
v 1.578071 -1.392051 -0.787873
v 1.576385 -1.471924 -0.681965
v 1.591206 -1.584207 -0.612886
v 1.620278 -1.711807 -0.591153
v 1.659174 -1.835296 -0.620075
v 1.701974 -1.935876 -0.695248
v 1.742160 -1.998233 -0.805228
v 1.773616 -2.012875 -0.933272
v 1.791552 -1.977572 -1.059886
v 1.793238 -1.897699 -1.165794
v 1.778417 -1.785416 -1.234873
v 1.749345 -1.657817 -1.256606
v 1.710449 -1.534327 -1.227684
v 1.667649 -1.433748 -1.152511
v 1.627463 -1.371390 -1.042531
v 1.596007 -1.356748 -0.914487
v 1.787339 -1.316545 -0.740519
v 1.788429 -1.393144 -0.632212
v 1.813116 -1.500463 -0.558237
v 1.857642 -1.622164 -0.529858
v 1.915228 -1.739719 -0.551394
v 1.977108 -1.835231 -0.619567
v 2.033859 -1.894159 -0.723997
v 2.076844 -1.907532 -0.848787
v 2.099517 -1.873315 -0.974939
v 2.098426 -1.796715 -1.083246
v 2.073739 -1.689396 -1.157220
v 2.029213 -1.567695 -1.185599
v 1.971627 -1.450141 -1.164063
v 1.909748 -1.354629 -1.095891
v 1.852996 -1.295701 -0.991460
v 1.810012 -1.282328 -0.866670
v 1.988964 -1.208216 -0.674016
v 1.992944 -1.282192 -0.563968
v 2.026988 -1.383785 -0.485744
v 2.085913 -1.497528 -0.451254
v 2.160748 -1.606103 -0.465749
v 2.240100 -1.692983 -0.527021
v 2.311888 -1.744940 -0.625743
v 2.365183 -1.754063 -0.746885
v 2.391872 -1.718965 -0.872004
v 2.387892 -1.644989 -0.982053
v 2.353848 -1.543396 -1.060277
v 2.294923 -1.429653 -1.094767
v 2.220088 -1.321078 -1.080272
v 2.140736 -1.234198 -1.019000
v 2.068948 -1.182241 -0.920278
v 2.015653 -1.173118 -0.799136
v 2.175557 -1.067275 -0.590172
v 2.182721 -1.139029 -0.478821
v 2.225597 -1.234083 -0.396812
v 2.297659 -1.337965 -0.356631
v 2.387936 -1.434862 -0.364395
v 2.482683 -1.510020 -0.418922
v 2.567477 -1.551999 -0.511910
v 2.629408 -1.554406 -0.629204
v 2.659049 -1.516876 -0.752945
v 2.651885 -1.445122 -0.864297
v 2.609009 -1.350068 -0.946306
v 2.536947 -1.246185 -0.986487
v 2.446671 -1.149289 -0.978723
v 2.351923 -1.074131 -0.924196
v 2.267129 -1.032152 -0.831208
v 2.205198 -1.029745 -0.713914
v 2.339905 -0.895766 -0.491219
v 2.350598 -0.965421 -0.378823
v 2.401687 -1.053062 -0.293336
v 2.485393 -1.145345 -0.247771
v 2.588973 -1.228221 -0.249066
v 2.696659 -1.289073 -0.297023
v 2.792055 -1.318638 -0.384342
v 2.860639 -1.312413 -0.497728
v 2.891969 -1.271347 -0.619921
v 2.881276 -1.201692 -0.732317
v 2.830187 -1.114051 -0.817805
v 2.746481 -1.021768 -0.863370
v 2.642900 -0.938892 -0.862075
v 2.535215 -0.878040 -0.814118
v 2.439819 -0.848475 -0.726799
v 2.371235 -0.854700 -0.613412
v 2.475408 -0.697450 -0.379747
v 2.489921 -0.764872 -0.266422
v 2.548435 -0.844186 -0.177627
v 2.642043 -0.923316 -0.126882
v 2.756492 -0.990217 -0.121911
v 2.874360 -1.034702 -0.163472
v 2.977701 -1.050001 -0.245237
v 3.050784 -1.033782 -0.354759
v 3.082481 -0.988517 -0.475363
v 3.067968 -0.921095 -0.588689
v 3.009454 -0.841782 -0.677483
v 2.915846 -0.762651 -0.728229
v 2.801397 -0.695751 -0.733199
v 2.683529 -0.651265 -0.691638
v 2.580188 -0.635967 -0.609873
v 2.507105 -0.652185 -0.500351
v 2.576484 -0.477594 -0.258634
v 2.594957 -0.542437 -0.144383
v 2.659888 -0.612521 -0.052344
v 2.761393 -0.677178 0.003471
v 2.884018 -0.726564 0.014564
v 3.009096 -0.753161 -0.020754
v 3.117583 -0.752919 -0.097105
v 3.192964 -0.725875 -0.202866
v 3.223763 -0.676146 -0.321936
v 3.205291 -0.611304 -0.436187
v 3.140359 -0.541220 -0.528225
v 3.038854 -0.476563 -0.584040
v 2.916229 -0.427177 -0.595133
v 2.791151 -0.400580 -0.559815
v 2.682664 -0.400822 -0.483464
v 2.607283 -0.427866 -0.377703
v 2.638896 -0.242672 -0.130972
v 2.661246 -0.304452 -0.015721
v 2.731329 -0.364487 0.079585
v 2.838476 -0.413637 0.140436
v 2.966374 -0.444420 0.157569
v 3.095552 -0.452149 0.128375
v 3.206344 -0.435648 0.057299
v 3.281884 -0.397428 -0.044839
v 3.310669 -0.343309 -0.162489
v 3.288319 -0.281529 -0.277740
v 3.218236 -0.221494 -0.373046
v 3.111090 -0.172344 -0.433897
v 2.983192 -0.141561 -0.451030
v 2.854013 -0.133832 -0.421836
v 2.743221 -0.150333 -0.350760
v 2.667682 -0.188553 -0.248622
vn -1.000000 0.000000 0.000000
vn -0.923880 -0.171141 0.342282
vn -0.707107 -0.316228 0.632455
vn -0.382683 -0.413172 0.826343
vn -0.000000 -0.447214 0.894427
vn 0.382683 -0.413172 0.826343
vn 0.707107 -0.316228 0.632455
vn 0.923880 -0.171141 0.342282
vn 1.000000 -0.000000 0.000000
vn 0.923880 0.171141 -0.342282
vn 0.707107 0.316228 -0.632455
vn 0.382683 0.413172 -0.826343
vn 0.000000 0.447214 -0.894427
vn -0.382683 0.413172 -0.826343
vn -0.707107 0.316228 -0.632455
vn -0.923880 0.171141 -0.342282
vn -0.987901 -0.147995 -0.046348
vn -0.903237 -0.307170 0.299681
vn -0.681064 -0.419581 0.600087
vn -0.355204 -0.468114 0.809135
vn 0.024732 -0.445382 0.894999
vn 0.400903 -0.354844 0.844608
vn 0.716040 -0.210284 0.665633
vn 0.922166 -0.033710 0.385322
vn 0.987901 0.147995 0.046348
vn 0.903237 0.307170 -0.299681
vn 0.681064 0.419581 -0.600087
vn 0.355204 0.468114 -0.809135
vn -0.024732 0.445382 -0.894999
vn -0.400903 0.354844 -0.844608
vn -0.716040 0.210284 -0.665633
vn -0.922166 0.033710 -0.385322
vn -0.951881 -0.291988 -0.093091
vn -0.861296 -0.438248 0.257114
vn -0.639587 -0.517789 0.568175
vn -0.320507 -0.518501 0.792737
vn 0.047368 -0.440276 0.896612
vn 0.408031 -0.295023 0.863986
vn 0.706576 -0.104855 0.699826
vn 0.897550 0.101276 0.429124
vn 0.951881 0.291988 0.093091
vn 0.861296 0.438248 -0.257114
vn 0.639587 0.517789 -0.568175
vn 0.320507 0.518501 -0.792737
vn -0.047368 0.440276 -0.896612
vn -0.408031 0.295023 -0.863986
vn -0.706576 0.104855 -0.699826
vn -0.897550 -0.101276 -0.429124
vn -0.892755 -0.428039 -0.140611
vn -0.799527 -0.561173 0.214107
vn -0.584578 -0.608874 0.536229
vn -0.280633 -0.563879 0.776715
vn 0.066037 -0.433038 0.898953
vn 0.402652 -0.236272 0.884334
vn 0.677968 -0.003535 0.735083
vn 0.850069 0.229740 0.473922
vn 0.892755 0.428039 0.140611
vn 0.799527 0.561173 -0.214107
vn 0.584578 0.608874 -0.536229
vn 0.280633 0.563879 -0.776715
vn -0.066037 0.433038 -0.898953
vn -0.402652 0.236272 -0.884334
vn -0.677968 0.003535 -0.735083
vn -0.850069 -0.229740 -0.473922
vn -0.811859 -0.552325 -0.189267
vn -0.719711 -0.673107 0.170123
vn -0.517994 -0.691415 0.503613
vn -0.237417 -0.604462 0.760434
vn 0.079304 -0.425484 0.901484
vn 0.383952 -0.181730 0.905293
vn 0.630147 0.089690 0.771278
vn 0.780408 0.347456 0.519844
vn 0.811859 0.552325 0.189267
vn 0.719711 0.673107 -0.170123
vn 0.517994 0.691415 -0.503613
vn 0.237417 0.604462 -0.760434
vn -0.079304 0.425484 -0.901484
vn -0.383952 0.181730 -0.905293
vn -0.630147 -0.089690 -0.771278
vn -0.780408 -0.347456 -0.519844
vn -0.711017 -0.661178 -0.239372
vn -0.623839 -0.771561 0.124574
vn -0.441688 -0.764480 0.469555
vn -0.192294 -0.641014 0.743050
vn 0.086375 -0.419960 0.903423
vn 0.351894 -0.134971 0.926258
vn 0.563841 0.170567 0.808078
vn 0.689948 0.450137 0.566876
vn 0.711017 0.661178 0.239372
vn 0.623839 0.771561 -0.124574
vn 0.441688 0.764480 -0.469555
vn 0.192294 0.641014 -0.743050
vn -0.086375 0.419960 -0.903423
vn -0.351894 0.134971 -0.926258
vn -0.563841 -0.170567 -0.808078
vn -0.689948 -0.450137 -0.566876
vn -0.592513 -0.751102 -0.291159
vn -0.514016 -0.854332 0.076840
vn -0.357264 -0.827498 0.433140
vn -0.146123 -0.674684 0.723498
vn 0.087265 -0.419156 0.903711
vn 0.307367 -0.099815 0.946342
vn 0.480676 0.234722 0.844900
vn 0.580806 0.533524 0.614831
vn 0.592513 0.751102 0.291159
vn 0.514016 0.854332 -0.076840
vn 0.357264 0.827498 -0.433140
vn 0.146123 0.674684 -0.723498
vn -0.087265 0.419156 -0.903711
vn -0.307367 0.099815 -0.946342
vn -0.480676 -0.234722 -0.844900
vn -0.580806 -0.533524 -0.614831
vn -0.459085 -0.818779 -0.344735
vn -0.392400 -0.919419 0.026298
vn -0.265975 -0.880086 0.393327
vn -0.099058 -0.706767 0.700476
vn 0.082939 -0.425850 0.900984
vn 0.252310 -0.080101 0.964325
vn 0.383269 0.277842 0.880857
vn 0.455879 0.593487 0.663286
vn 0.459085 0.818779 0.344735
vn 0.392400 0.919419 -0.026298
vn 0.265975 0.880086 -0.393327
vn 0.099058 0.706767 -0.700476
vn -0.082939 0.425850 -0.900984
vn -0.252310 0.080101 -0.964325
vn -0.383269 -0.277842 -0.880857
vn -0.455879 -0.593487 -0.663286
vn -0.313943 -0.861060 -0.400019
vn -0.261190 -0.964892 -0.027625
vn -0.168673 -0.921828 0.348974
vn -0.050477 -0.738424 0.672445
vn 0.075403 -0.442601 0.893543
vn 0.189805 -0.079397 0.978606
vn 0.275310 0.295895 0.914686
vn 0.318901 0.626140 0.711513
vn 0.313943 0.861060 0.400019
vn 0.261190 0.964892 0.027625
vn 0.168673 0.921828 -0.348974
vn 0.050477 0.738424 -0.672445
vn -0.075403 0.442601 -0.893543
vn -0.189805 0.079397 -0.978606
vn -0.275310 -0.295895 -0.914686
vn -0.318901 -0.626140 -0.711513
vn -0.160836 -0.874985 -0.456654
vn -0.122676 -0.988767 -0.085388
vn -0.065839 -0.952018 0.298878
vn 0.001021 -0.770332 0.637642
vn 0.067726 -0.471371 0.879331
vn 0.124120 -0.100648 0.987150
vn 0.161618 0.285398 0.944684
vn 0.174511 0.627995 0.758398
vn 0.160836 0.874985 0.456654
vn 0.122676 0.988767 0.085388
vn 0.065839 0.952018 -0.298878
vn -0.001021 0.770332 -0.637642
vn -0.067726 0.471371 -0.879331
vn -0.124120 0.100648 -0.987150
vn -0.161618 -0.285398 -0.944684
vn -0.174511 -0.627995 -0.758398
vn -0.004160 -0.857831 -0.513914
vn 0.020636 -0.988886 -0.147239
vn 0.042290 -0.969391 0.241852
vn 0.057505 -0.802315 0.594124
vn 0.063967 -0.513095 0.855945
vn 0.060689 -0.145760 0.987457
vn 0.048173 0.243766 0.968637
vn 0.028322 0.596180 0.802351
vn 0.004160 0.857831 0.513914
vn -0.020636 0.988886 0.147239
vn -0.042290 0.969391 -0.241852
vn -0.057505 0.802315 -0.594124
vn -0.063967 0.513095 -0.855945
vn -0.060689 0.145760 -0.987457
vn -0.048173 -0.243766 -0.968637
vn -0.028322 -0.596180 -0.802351
vn 0.150899 -0.807242 -0.570605
vn 0.165810 -0.962856 -0.213110
vn 0.155478 -0.971884 0.176830
vn 0.121475 -0.832951 0.539848
vn 0.068979 -0.567209 0.820680
vn 0.005982 -0.215115 0.976570
vn -0.057926 0.169729 0.983787
vn -0.113015 0.528733 0.841231
vn -0.150899 0.807242 0.570605
vn -0.165810 0.962856 0.213110
vn -0.155478 0.971884 -0.176830
vn -0.121475 0.832951 -0.539848
vn -0.068979 0.567209 -0.820680
vn -0.005982 0.215115 -0.976570
vn 0.057926 -0.169729 -0.983787
vn 0.113015 -0.528733 -0.841231
vn 0.298208 -0.721442 -0.624974
vn 0.309207 -0.908067 -0.282497
vn 0.273133 -0.956448 0.102989
vn 0.195476 -0.859217 0.472795
vn 0.088059 -0.631179 0.770622
vn -0.032763 -0.307049 0.951130
vn -0.148598 0.063826 0.986836
vn -0.241810 0.424984 0.872305
vn -0.298208 0.721442 0.624974
vn -0.309207 0.908067 0.282497
vn -0.273133 0.956448 -0.102989
vn -0.195476 0.859217 -0.472795
vn -0.088059 0.631179 -0.770622
vn 0.032763 0.307049 -0.951130
vn 0.148598 -0.063826 -0.986836
vn 0.241810 -0.424984 -0.872305
vn 0.430565 -0.599541 -0.674659
vn 0.446167 -0.821808 -0.354355
vn 0.393844 -0.918962 0.019897
vn 0.281563 -0.876212 0.391119
vn 0.126415 -0.700068 0.702798
vn -0.047977 -0.417344 0.907481
vn -0.215066 -0.071083 0.974009
vn -0.349413 0.285999 0.892253
vn -0.430565 0.599541 0.674659
vn -0.446167 0.821808 0.354355
vn -0.393844 0.918962 -0.019897
vn -0.281563 0.876212 -0.391119
vn -0.126415 0.700068 -0.702798
vn 0.047977 0.417344 -0.907481
vn 0.215066 0.071083 -0.974009
vn 0.349413 -0.285999 -0.892253
vn 0.539609 -0.441861 -0.716646
vn 0.570664 -0.701439 -0.426998
vn 0.514840 -0.854229 -0.072343
vn 0.380636 -0.876970 0.293325
vn 0.188485 -0.766201 0.614337
vn -0.032362 -0.538784 0.841822
vn -0.248283 -0.229343 0.941147
vn -0.426404 0.115014 0.897191
vn -0.539609 0.441861 0.716646
vn -0.570664 0.701439 0.426998
vn -0.514840 0.854229 0.072343
vn -0.380636 0.876970 -0.293325
vn -0.188485 0.766201 -0.614337
vn 0.032362 0.538784 -0.841822
vn 0.248283 0.229343 -0.941147
vn 0.426404 -0.115014 -0.897191
vn 0.615729 -0.250234 -0.747168
vn 0.674909 -0.544560 -0.497947
vn 0.631340 -0.755982 -0.172919
vn 0.491656 -0.852312 0.178435
vn 0.277121 -0.818885 0.502624
vn 0.020397 -0.660791 0.750293
vn -0.239432 -0.402097 0.883737
vn -0.462810 -0.082187 0.882639
vn -0.615729 0.250234 0.747168
vn -0.674909 0.544560 0.497947
vn -0.631340 0.755982 0.172919
vn -0.491656 0.852312 -0.178435
vn -0.277121 0.818885 -0.502624
vn -0.020397 0.660791 -0.750293
vn 0.239432 0.402097 -0.883737
vn 0.462810 0.082187 -0.882639
vn 0.647751 -0.028252 -0.761328
vn 0.748701 -0.349085 -0.563549
vn 0.735667 -0.616772 -0.279974
vn 0.610635 -0.790562 0.046224
vn 0.392639 -0.843996 0.365384
vn 0.114868 -0.768939 0.628919
vn -0.180391 -0.576818 0.796706
vn -0.448188 -0.296882 0.843202
vn -0.647751 0.028252 0.761328
vn -0.748701 0.349085 0.563549
vn -0.735667 0.616772 0.279974
vn -0.610635 0.790562 -0.046224
vn -0.392639 0.843996 -0.365384
vn -0.114868 0.768939 -0.628919
vn 0.180391 0.576818 -0.796706
vn 0.448188 0.296882 -0.843202
vn 0.622055 0.218147 -0.751971
vn 0.778061 -0.113395 -0.617869
vn 0.815615 -0.427672 -0.389702
vn 0.728999 -0.676841 -0.102207
vn 0.531400 -0.822967 0.200849
vn 0.252899 -0.843803 0.473327
vn -0.064103 -0.736178 0.673745
vn -0.371346 -0.516477 0.771592
vn -0.622055 -0.218147 0.751971
vn -0.778061 0.113395 0.617869
vn -0.815615 0.427672 0.389702
vn -0.728999 0.676841 0.102207
vn -0.531400 0.822967 -0.200849
vn -0.252899 0.843803 -0.473327
vn 0.064103 0.736178 -0.673745
vn 0.371346 0.516477 -0.771592
vn 0.520880 0.478278 -0.707060
vn 0.742499 0.162274 -0.649894
vn 0.851079 -0.178434 -0.493788
vn 0.830090 -0.491977 -0.262506
vn 0.682727 -0.730621 0.008739
vn 0.431426 -0.858035 0.278654
vn 0.114443 -0.854821 0.506147
vn -0.219962 -0.721468 0.656583
vn -0.520880 -0.478278 0.707060
vn -0.742499 -0.162274 0.649894
vn -0.851079 0.178434 0.493788
vn -0.830090 0.491977 0.262506
vn -0.682727 0.730621 -0.008739
vn -0.431426 0.858035 -0.278654
vn -0.114443 0.854821 -0.506147
vn 0.219962 0.721468 -0.656583
vn 0.321574 0.728345 -0.605065
vn 0.611264 0.468983 -0.637504
vn 0.807893 0.138222 -0.572890
vn 0.881529 -0.213582 -0.421058
vn 0.820959 -0.532870 -0.205124
vn 0.635406 -0.771033 0.042038
vn 0.353118 -0.891814 0.282800
vn 0.017071 -0.876824 0.480509
vn -0.321574 -0.728345 0.605065
vn -0.611264 -0.468983 0.637504
vn -0.807893 -0.138222 0.572890
vn -0.881529 0.213582 0.421058
vn -0.820959 0.532870 0.205124
vn -0.635406 0.771033 -0.042038
vn -0.353118 0.891814 -0.282800
vn -0.017071 0.876824 -0.480509
vn 0.007959 0.910586 -0.413242
vn 0.347629 0.766454 -0.540095
vn 0.634375 0.505636 -0.584722
vn 0.824543 0.167840 -0.540331
vn 0.889182 -0.195508 -0.413680
vn 0.818452 -0.529093 -0.224049
vn 0.623119 -0.782127 -0.000309
vn 0.332922 -0.916090 0.223478
vn -0.007959 -0.910586 0.413242
vn -0.347629 -0.766454 0.540095
vn -0.634375 -0.505636 0.584722
vn -0.824543 -0.167840 0.540331
vn -0.889182 0.195508 0.413680
vn -0.818452 0.529093 0.224049
vn -0.623119 0.782127 0.000309
vn -0.332922 0.916090 -0.223478
vn -0.378732 0.918377 -0.114658
vn -0.044879 0.948233 -0.314388
vn 0.295806 0.833730 -0.466255
vn 0.591457 0.592298 -0.547139
vn 0.797064 0.260695 -0.544726
vn 0.881326 -0.110597 -0.459384
vn 0.831413 -0.465051 -0.304104
vn 0.654926 -0.748706 -0.102527
vn 0.378732 -0.918377 0.114658
vn 0.044879 -0.948233 0.314388
vn -0.295806 -0.833730 0.466255
vn -0.591457 -0.592298 0.547139
vn -0.797064 -0.260695 0.544726
vn -0.881326 0.110597 0.459384
vn -0.831413 0.465051 0.304104
vn -0.654926 0.748706 0.102527
vn -0.691424 0.686773 0.224222
vn -0.442213 0.896857 0.009747
vn -0.125679 0.970403 -0.206212
vn 0.209988 0.896213 -0.390777
vn 0.513687 0.685583 -0.515850
vn 0.739182 0.370580 -0.562389
vn 0.852142 -0.000841 -0.523310
vn 0.835372 -0.372134 -0.404561
vn 0.691424 -0.686773 -0.224222
vn 0.442213 -0.896857 -0.009747
vn 0.125679 -0.970403 0.206212
vn -0.209988 -0.896213 0.390777
vn -0.513687 -0.685583 0.515850
vn -0.739182 -0.370580 0.562389
vn -0.852142 0.000841 0.523310
vn -0.835372 0.372134 0.404561
vn -0.809918 0.323555 0.489229
vn -0.687495 0.652487 0.318767
vn -0.460407 0.882083 0.099775
vn -0.163226 0.977390 -0.134407
vn 0.158804 0.923899 -0.348127
vn 0.456658 0.729752 -0.508847
vn 0.684990 0.424507 -0.592100
vn 0.809038 0.054635 -0.585211
vn 0.809918 -0.323555 -0.489229
vn 0.687495 -0.652487 -0.318767
vn 0.460407 -0.882083 -0.099775
vn 0.163226 -0.977390 0.134407
vn -0.158804 -0.923899 0.348127
vn -0.456658 -0.729752 0.508847
vn -0.684990 -0.424507 0.592100
vn -0.809038 -0.054635 0.585211
vn -0.761932 -0.022401 0.647270
vn -0.758006 0.354746 0.547342
vn -0.638680 0.677886 0.364085
vn -0.422122 0.897824 0.125400
vn -0.141299 0.981077 -0.132376
vn 0.161035 0.914969 -0.369999
vn 0.438853 0.709566 -0.551293
vn 0.649860 0.396138 -0.648658
vn 0.761932 0.022401 -0.647270
vn 0.758006 -0.354746 -0.547342
vn 0.638680 -0.677886 -0.364085
vn 0.422122 -0.897824 -0.125400
vn 0.141299 -0.981077 0.132376
vn -0.161035 -0.914969 0.369999
vn -0.438853 -0.709566 0.551293
vn -0.649860 -0.396138 0.648658
vn -0.620839 -0.293171 0.727055
vn -0.708249 0.086177 0.700683
vn -0.687835 0.452405 0.567638
vn -0.562704 0.749759 0.348175
vn -0.351906 0.932969 0.075706
vn -0.087534 0.974142 -0.208289
vn 0.190164 0.867012 -0.460574
vn 0.438912 0.627886 -0.642740
vn 0.620839 0.293171 -0.727055
vn 0.708249 -0.086177 -0.700683
vn 0.687835 -0.452405 -0.567638
vn 0.562704 -0.749759 -0.348175
vn 0.351906 -0.932969 -0.075706
vn 0.087534 -0.974142 0.208289
vn -0.190164 -0.867012 0.460574
vn -0.438912 -0.627886 0.642740
vn -0.434895 -0.485638 0.758302
vn -0.586592 -0.128536 0.799618
vn -0.648985 0.248135 0.719199
vn -0.612577 0.587029 0.529288
vn -0.482909 0.836554 0.258799
vn -0.279723 0.958720 -0.051091
vn -0.033951 0.934931 -0.353202
vn 0.216989 0.768806 -0.601542
vn 0.434895 0.485638 -0.758302
vn 0.586592 0.128536 -0.799618
vn 0.648985 -0.248135 -0.719199
vn 0.612577 -0.587029 -0.529288
vn 0.482909 -0.836554 -0.258799
vn 0.279723 -0.958720 0.051091
vn 0.033951 -0.934931 0.353202
vn -0.216989 -0.768806 0.601542
vn -0.230172 -0.609296 0.758801
vn -0.423735 -0.285827 0.859506
vn -0.552789 0.081157 0.829360
vn -0.597686 0.435785 0.672951
vn -0.551590 0.724070 0.414091
vn -0.421520 0.902121 0.092190
vn -0.227277 0.942832 -0.243747
vn 0.001567 0.840006 -0.542575
vn 0.230172 0.609296 -0.758801
vn 0.423735 0.285827 -0.859506
vn 0.552789 -0.081157 -0.829360
vn 0.597686 -0.435785 -0.672951
vn 0.551590 -0.724070 -0.414091
vn 0.421520 -0.902121 -0.092190
vn 0.227277 -0.942832 0.243747
vn -0.001567 -0.840006 0.542575
vn -0.022197 -0.673845 0.738539
vn -0.240045 -0.387743 0.889963
vn -0.421348 -0.042611 0.905898
vn -0.538504 0.309008 0.783918
vn -0.573679 0.613584 0.542594
vn -0.521516 0.824747 0.218664
vn -0.389957 0.910350 -0.138554
vn -0.199030 0.857360 -0.474680
vn 0.022197 0.673845 -0.738539
vn 0.240045 0.387743 -0.889963
vn 0.421348 0.042611 -0.905898
vn 0.538504 -0.309008 -0.783918
vn 0.573679 -0.613584 -0.542594
vn 0.521516 -0.824747 -0.218664
vn 0.389957 -0.910350 0.138554
vn 0.199030 -0.857360 0.474680
vn 0.178346 -0.687728 0.703720
vn -0.050591 -0.438154 0.897475
vn -0.271827 -0.121874 0.954598
vn -0.451679 0.212960 0.866391
vn -0.562768 0.515372 0.646285
vn -0.588180 0.739324 0.327787
vn -0.524047 0.850721 -0.040613
vn -0.380133 0.832603 -0.402830
vn -0.178346 0.687728 -0.703720
vn 0.050591 0.438154 -0.897475
vn 0.271827 0.121874 -0.954598
vn 0.451679 -0.212960 -0.866391
vn 0.562768 -0.515372 -0.646285
vn 0.588180 -0.739324 -0.327787
vn 0.524047 -0.850721 0.040613
vn 0.380133 -0.832603 0.402830
vn 0.363589 -0.658634 0.658790
vn 0.132830 -0.442115 0.887068
vn -0.118151 -0.158289 0.980298
vn -0.351145 0.149636 0.924287
vn -0.530680 0.434780 0.727561
vn -0.629424 0.653732 0.420071
vn -0.632344 0.773160 0.048628
vn -0.538995 0.774881 -0.330217
vn -0.363589 0.658634 -0.658790
vn -0.132830 0.442115 -0.887068
vn 0.118151 0.158289 -0.980298
vn 0.351145 -0.149636 -0.924287
vn 0.530680 -0.434780 -0.727561
vn 0.629424 -0.653732 -0.420071
vn 0.632344 -0.773160 -0.048628
vn 0.538995 -0.774881 0.330217
vn 0.527816 -0.593858 0.607242
vn 0.301074 -0.405675 0.863008
vn 0.028496 -0.155732 0.987388
vn -0.248420 0.117920 0.961448
vn -0.487517 0.373620 0.789136
vn -0.652393 0.572440 0.496685
vn -0.717949 0.684110 0.128619
vn -0.674203 0.691631 -0.259029
vn -0.527816 0.593858 -0.607242
vn -0.301074 0.405675 -0.863008
vn -0.028496 0.155732 -0.987388
vn 0.248420 -0.117920 -0.961448
vn 0.487517 -0.373620 -0.789136
vn 0.652393 -0.572440 -0.496685
vn 0.717949 -0.684110 -0.128619
vn 0.674203 -0.691631 0.259029
vn 0.667146 -0.500358 0.551867
vn 0.447410 -0.335557 0.828991
vn 0.159560 -0.119670 0.979908
vn -0.152582 0.114436 0.981643
vn -0.441494 0.331120 0.833932
vn -0.663193 0.497394 0.559262
vn -0.783927 0.587944 0.199450
vn -0.785315 0.588985 -0.190727
vn -0.667146 0.500358 -0.551867
vn -0.447410 0.335557 -0.828991
vn -0.159560 0.119670 -0.979908
vn 0.152582 -0.114436 -0.981643
vn 0.441494 -0.331120 -0.833932
vn 0.663193 -0.497394 -0.559262
vn 0.783927 -0.587944 -0.199450
vn 0.785315 -0.588985 0.190727
vn 0.779220 -0.384666 0.494821
vn 0.567287 -0.238770 0.788146
vn 0.268989 -0.056523 0.961483
vn -0.070259 0.134328 0.988443
vn -0.398812 0.304730 0.864921
vn -0.666649 0.428739 0.609723
vn -0.832994 0.487476 0.261700
vn -0.872524 0.472000 -0.126164
vn -0.779220 0.384666 -0.494821
vn -0.567287 0.238770 -0.788146
vn -0.268989 0.056523 -0.961483
vn 0.070259 -0.134328 -0.988443
vn 0.398812 -0.304730 -0.864921
vn 0.666649 -0.428739 -0.609723
vn 0.832994 -0.487476 -0.261700
vn 0.872524 -0.472000 0.126164
vn 0.862869 -0.252803 0.437661
vn 0.658024 -0.122251 0.743007
vn 0.353001 0.026912 0.935236
vn -0.005763 0.171978 0.985084
vn -0.363650 0.290862 0.884962
vn -0.666175 0.365465 0.650112
vn -0.867280 0.384430 0.316289
vn -0.936350 0.344868 -0.065686
vn -0.862869 0.252803 -0.437661
vn -0.658024 0.122251 -0.743007
vn -0.353001 -0.026912 -0.935236
vn 0.005763 -0.171978 -0.985084
vn 0.363650 -0.290862 -0.884962
vn 0.666175 -0.365465 -0.650112
vn 0.867280 -0.384430 -0.316289
vn 0.936350 -0.344868 0.065686
vn 0.917803 -0.110269 0.381417
vn 0.718466 0.007389 0.695522
vn 0.409750 0.123922 0.903741
vn 0.038653 0.221589 0.974374
vn -0.338329 0.285521 0.896667
vn -0.663803 0.305985 0.682450
vn -0.888219 0.279866 0.364337
vn -0.977412 0.211139 -0.009244
vn -0.917803 0.110269 -0.381417
vn -0.718466 -0.007389 -0.695522
vn -0.409750 -0.123922 -0.903741
vn -0.038653 -0.221589 -0.974374
vn 0.338329 -0.285521 -0.896667
vn 0.663803 -0.305985 -0.682450
vn 0.888219 -0.279866 -0.364337
vn 0.977412 -0.211139 0.009244
vn 0.944375 0.037925 0.326678
vn 0.748664 0.144026 0.647116
vn 0.438975 0.228201 0.869037
vn 0.062457 0.277634 0.958655
vn -0.323570 0.284800 0.902326
vn -0.660336 0.248607 0.708626
vn -0.896572 0.174567 0.407045
vn -0.996313 0.073950 0.043494
vn -0.944375 -0.037925 -0.326678
vn -0.748664 -0.144026 -0.647116
vn -0.438975 -0.228201 -0.869037
vn -0.062457 -0.277634 -0.958655
vn 0.323570 -0.284800 -0.902326
vn 0.660336 -0.248607 -0.708626
vn 0.896572 -0.174567 -0.407045
vn 0.996313 -0.073950 -0.043494
vn 0.943425 0.187182 0.273700
vn 0.749604 0.282091 0.598764
vn 0.441663 0.334054 0.832672
vn 0.066482 0.335160 0.939813
vn -0.318820 0.285241 0.903876
vn -0.655584 0.191897 0.730332
vn -0.892542 0.069338 0.445602
vn -0.993618 -0.063777 0.093033
vn -0.943425 -0.187182 -0.273700
vn -0.749604 -0.282091 -0.598764
vn -0.441663 -0.334054 -0.832672
vn -0.066482 -0.335160 -0.939813
vn 0.318820 -0.285241 -0.903876
vn 0.655584 -0.191897 -0.730332
vn 0.892542 -0.069338 -0.445602
vn 0.993618 0.063777 -0.093033
vn 0.916206 0.333260 0.222493
vn 0.723013 0.416605 0.551082
vn 0.419748 0.436526 0.795774
vn 0.052580 0.389989 0.919317
vn -0.322593 0.284080 0.902902
vn -0.648655 0.134923 0.749028
vn -0.875964 -0.034776 0.481122
vn -0.969916 -0.199180 0.139969
vn -0.916206 -0.333260 -0.222493
vn -0.723013 -0.416605 -0.551082
vn -0.419748 -0.436526 -0.795774
vn -0.052580 -0.389989 -0.919317
vn 0.322593 -0.284080 -0.902902
vn 0.648655 -0.134923 -0.749028
vn 0.875964 0.034776 -0.481122
vn 0.969916 0.199180 -0.139969
vn 0.864351 0.472232 0.172902
vn 0.671198 0.543198 0.504409
vn 0.375863 0.531467 0.759125
vn 0.023305 0.438825 0.898270
vn -0.332801 0.279375 0.900663
vn -0.638240 0.077394 0.765937
vn -0.846514 -0.136370 0.514604
vn -0.925913 -0.329373 0.184928
vn -0.864351 -0.472232 -0.172902
vn -0.671198 -0.543198 -0.504409
vn -0.375863 -0.531467 -0.759125
vn -0.023305 -0.438825 -0.898270
vn 0.332801 -0.279375 -0.900663
vn 0.638240 -0.077394 -0.765937
vn 0.846514 0.136370 -0.514604
vn 0.925913 0.329373 -0.184928
vn 0.789869 0.600472 0.124662
vn 0.596932 0.658113 0.458868
vn 0.313118 0.615561 0.723216
vn -0.018366 0.479296 0.877461
vn -0.347053 0.270062 0.898120
vn -0.622905 0.019714 0.782049
vn -0.803925 -0.233635 0.546918
vn -0.862555 -0.451416 0.228523
vn -0.789869 -0.600472 -0.124662
vn -0.596932 -0.658113 -0.458868
vn -0.313118 -0.615561 -0.723216
vn 0.018366 -0.479296 -0.877461
vn 0.347053 -0.270062 -0.898120
vn 0.622905 -0.019714 -0.782049
vn 0.803925 0.233635 -0.546918
vn 0.862555 0.451416 -0.228523
vn 0.695153 0.714679 0.077442
vn 0.503345 0.758220 0.414422
vn 0.234909 0.686330 0.688309
vn -0.069291 0.509952 0.857408
vn -0.362942 0.255938 0.895974
vn -0.601338 -0.037040 0.798136
vn -0.748186 -0.324379 0.578789
vn -0.781129 -0.562334 0.271327
vn -0.695153 -0.714679 -0.077442
vn -0.503345 -0.758220 -0.414422
vn -0.234909 -0.686330 -0.688309
vn 0.069291 -0.509952 -0.857408
vn 0.362942 -0.255938 -0.895974
vn 0.601338 0.037040 -0.798136
vn 0.748186 0.324379 -0.578789
vn 0.781129 0.562334 -0.271327
vn 0.582968 0.811908 0.030875
vn 0.393832 0.841027 0.370905
vn 0.144739 0.742106 0.654468
vn -0.126390 0.530207 0.838395
vn -0.378277 0.237589 0.894683
vn -0.572574 -0.091200 0.814765
vn -0.679703 -0.406105 0.610805
vn -0.683353 -0.659184 0.313856
vn -0.582968 -0.811908 -0.030875
vn -0.393832 -0.841027 -0.370905
vn -0.144739 -0.742106 -0.654468
vn 0.126390 -0.530207 -0.838395
vn 0.378277 -0.237589 -0.894683
vn 0.572574 0.091200 -0.814765
vn 0.679703 0.406105 -0.610805
vn 0.683353 0.659184 -0.313856
vn 0.456432 0.889624 -0.015430
vn 0.271947 0.904670 0.328052
vn 0.046060 0.781987 0.621590
vn -0.186840 0.540254 0.820498
vn -0.391294 0.216273 0.894491
vn -0.536178 -0.140635 0.832307
vn -0.599433 -0.476132 0.643412
vn -0.571430 -0.739142 0.356562
vn -0.456432 -0.889624 0.015430
vn -0.271947 -0.904670 -0.328052
vn -0.046060 -0.781987 -0.621590
vn 0.186840 -0.540254 -0.820498
vn 0.391294 -0.216273 -0.894491
vn 0.536178 0.140635 -0.832307
vn 0.599433 0.476132 -0.643412
vn 0.571430 0.739142 -0.356562
vn 0.318972 0.945743 -0.061866
vn 0.141303 0.947902 0.285510
vn -0.057877 0.805751 0.589420
vn -0.248246 0.540932 0.803596
vn -0.400822 0.193761 0.895432
vn -0.492376 -0.182909 0.850947
vn -0.508971 -0.531732 0.676912
vn -0.448079 -0.799604 0.399824
vn -0.318972 -0.945743 0.061866
vn -0.141303 -0.947902 -0.285510
vn 0.057877 -0.805751 -0.589420
vn 0.248246 -0.540932 -0.803596
vn 0.400822 -0.193761 -0.895432
vn 0.492376 0.182909 -0.850947
vn 0.508971 0.531732 -0.676912
vn 0.448079 0.799604 -0.399824
vn 0.174268 0.978666 -0.108826
vn 0.005482 0.970048 0.242852
vn -0.164139 0.813748 0.557559
vn -0.308771 0.533563 0.787382
vn -0.406396 0.172148 0.897334
vn -0.442150 -0.215475 0.870674
vn -0.410591 -0.570295 0.711462
vn -0.316524 -0.838292 0.443937
vn -0.174268 -0.978666 0.108826
vn -0.005482 -0.970048 -0.242852
vn 0.164139 -0.813748 -0.557559
vn 0.308771 -0.533563 -0.787382
vn 0.406396 -0.172148 -0.897334
vn 0.442150 0.215475 -0.870674
vn 0.410591 0.570295 -0.711462
vn 0.316524 0.838292 -0.443937
vn 0.026201 0.987301 -0.156687
vn -0.132057 0.970942 0.199582
vn -0.270210 0.806766 0.525467
vn -0.367227 0.519767 0.771354
vn -0.408336 0.153638 0.899809
vn -0.387280 -0.235880 0.891277
vn -0.307264 -0.589488 0.747056
vn -0.180470 -0.853352 0.489102
vn -0.026201 -0.987301 0.156687
vn 0.132057 -0.970942 -0.199582
vn 0.270210 -0.806766 -0.525467
vn 0.367227 -0.519767 -0.771354
vn 0.408336 -0.153638 -0.899809
vn 0.387280 0.235880 -0.891277
vn 0.307264 0.589488 -0.747056
vn 0.180470 0.853352 -0.489102
vn -0.121210 0.971060 -0.205795
vn -0.268027 0.950837 0.155144
vn -0.374040 0.785859 0.492463
vn -0.423108 0.501240 0.754809
vn -0.407763 0.140313 0.902243
vn -0.330339 -0.241976 0.912318
vn -0.202624 -0.587427 0.783501
vn -0.044061 -0.843447 0.535403
vn 0.121210 -0.971060 0.205795
vn 0.268027 -0.950837 -0.155144
vn 0.374040 -0.785859 -0.492463
vn 0.423108 -0.501240 -0.754809
vn 0.407763 -0.140313 -0.902243
vn 0.330339 0.241976 -0.912318
vn 0.202624 0.587427 -0.783501
vn 0.044061 0.843447 -0.535403
vn -0.263846 0.929852 -0.256439
vn -0.399344 0.910306 0.108936
vn -0.474046 0.752174 0.457727
vn -0.476578 0.479531 0.736833
vn -0.406556 0.133883 0.903763
vn -0.274639 -0.232147 0.933103
vn -0.100911 -0.562835 0.820387
vn 0.088180 -0.807836 0.582774
vn 0.263846 -0.929852 0.256439
vn 0.399344 -0.910306 -0.108936
vn 0.474046 -0.752174 -0.457727
vn 0.476578 -0.479531 -0.736833
vn 0.406556 -0.133883 -0.903763
vn 0.274639 0.232147 -0.933103
vn 0.100911 0.562835 -0.820387
vn -0.088180 0.807836 -0.582774
vn -0.397515 0.864068 -0.308818
vn -0.523107 0.850129 0.060334
vn -0.569060 0.706766 0.420301
vn -0.528379 0.455804 0.716281
vn -0.407257 0.135450 0.903214
vn -0.224134 -0.205525 0.952640
vn -0.006888 -0.515211 0.857036
vn 0.211406 -0.746460 0.630956
vn 0.397515 -0.864068 0.308818
vn 0.523107 -0.850129 -0.060334
vn 0.569060 -0.706766 -0.420301
vn 0.528379 -0.455804 -0.716281
vn 0.407257 -0.135450 -0.903214
vn 0.224134 0.205525 -0.952640
vn 0.006888 0.515211 -0.857036
vn -0.211406 0.746460 -0.630956
vn -0.517946 0.774580 -0.362984
vn -0.636528 0.771205 0.008725
vn -0.658204 0.650420 0.379106
vn -0.579674 0.430615 0.691772
vn -0.412894 0.145253 0.899122
vn -0.183255 -0.162222 0.969588
vn 0.074283 -0.445001 0.892444
vn 0.320512 -0.660033 0.679433
vn 0.517946 -0.774580 0.362984
vn 0.636528 -0.771205 -0.008725
vn 0.658204 -0.650420 -0.379106
vn 0.579674 -0.430615 -0.691772
vn 0.412894 -0.145253 -0.899122
vn 0.183255 0.162222 -0.969588
vn -0.074283 0.445001 -0.892444
vn -0.320512 0.660033 -0.679433
vn -0.620775 0.662772 -0.418774
vn -0.736823 0.674489 -0.046435
vn -0.740697 0.583521 0.332973
vn -0.631807 0.403717 0.661689
vn -0.426730 0.162450 0.889669
vn -0.156687 -0.103547 0.982205
vn 0.137210 -0.353781 0.925209
vn 0.410219 -0.550155 0.727359
vn 0.620775 -0.662772 0.418774
vn 0.736823 -0.674489 0.046435
vn 0.740697 -0.583521 -0.332973
vn 0.631807 -0.403717 -0.661689
vn 0.426730 -0.162450 -0.889669
vn 0.156687 0.103547 -0.982205
vn -0.137210 0.353781 -0.925209
vn -0.410219 0.550155 -0.727359
vn -0.701522 0.530620 -0.475720
vn -0.821063 0.560995 -0.105546
vn -0.815604 0.505964 0.280695
vn -0.685977 0.373905 0.624204
vn -0.451916 0.184922 0.872683
vn -0.149055 -0.032214 0.988304
vn 0.176498 -0.244446 0.953465
vn 0.475181 -0.419462 0.773469
vn 0.701522 -0.530620 0.475720
vn 0.821063 -0.560995 0.105546
vn 0.815604 -0.505964 -0.280695
vn 0.685977 -0.373905 -0.624204
vn 0.451916 -0.184922 -0.872683
vn 0.149055 0.032214 -0.988304
vn -0.176498 0.244446 -0.953465
vn -0.475181 0.419462 -0.773469
vn -0.755600 0.380834 -0.532949
vn -0.886002 0.431879 -0.168764
vn -0.881518 0.417175 0.221114
vn -0.742831 0.338960 0.577329
vn -0.491055 0.209141 0.845651
vn -0.164520 0.047482 0.985230
vn 0.187062 -0.121405 0.974817
vn 0.510165 -0.271810 0.815997
vn 0.755600 -0.380834 0.532949
vn 0.886002 -0.431879 0.168764
vn 0.881518 -0.417175 -0.221114
vn 0.742831 -0.338960 -0.577329
vn 0.491055 -0.209141 -0.845651
vn 0.164520 -0.047482 -0.985230
vn -0.187062 0.121405 -0.974817
vn -0.510165 0.271810 -0.815997
vn -0.778366 0.217069 -0.589090
vn -0.927931 0.288621 -0.235887
vn -0.936226 0.316233 0.153227
vn -0.801989 0.295701 0.519013
vn -0.545657 0.230151 0.805785
vn -0.206253 0.129563 0.969883
vn 0.164551 0.009250 0.986325
vn 0.510303 -0.112471 0.852608
vn 0.778366 -0.217069 0.589090
vn 0.927931 -0.288621 0.235887
vn 0.936226 -0.316233 -0.153227
vn 0.801989 -0.295701 -0.519013
vn 0.545657 -0.230151 -0.805785
vn 0.206253 -0.129563 -0.969883
vn -0.164551 -0.009250 -0.986325
vn -0.510303 0.112471 -0.852608
vn -0.765270 0.044177 -0.642191
vn -0.942573 0.133304 -0.306244
vn -0.976378 0.202137 0.076327
vn -0.861539 0.240196 0.447277
vn -0.615537 0.241688 0.750134
vn -0.275826 0.206385 0.938789
vn 0.105877 0.139662 0.984523
vn 0.471462 0.051676 0.880371
vn 0.765270 -0.044177 0.642191
vn 0.942573 -0.133304 0.306244
vn 0.976378 -0.202137 -0.076327
vn 0.861539 -0.240196 -0.447277
vn 0.615537 -0.241688 -0.750134
vn 0.275826 -0.206385 -0.938789
vn -0.105877 -0.139662 -0.984523
vn -0.471462 -0.051676 -0.880371
vn -0.712068 -0.131540 -0.689679
vn -0.925046 -0.031029 -0.378586
vn -0.997194 0.074206 -0.009857
vn -0.917529 0.168144 0.360373
vn -0.698178 0.236483 0.675739
vn -0.372536 0.268820 0.888230
vn 0.009822 0.260231 0.965496
vn 0.390684 0.212025 0.895774
vn 0.712068 0.131540 0.689679
vn 0.925046 0.031029 0.378586
vn 0.997194 -0.074206 0.009857
vn 0.917529 -0.168144 -0.360373
vn 0.698178 -0.236483 -0.675739
vn 0.372536 -0.268820 -0.888230
vn -0.009822 -0.260231 -0.965496
vn -0.390684 -0.212025 -0.895774
vn -0.615069 -0.302093 -0.728306
vn -0.869839 -0.199981 -0.450986
vn -0.992183 -0.067423 -0.105007
vn -0.963477 0.075400 0.256958
vn -0.788090 0.206743 0.579803
vn -0.492723 0.306612 0.814379
vn -0.122344 0.359802 0.924973
vn 0.266661 0.358215 0.894748
vn 0.615069 0.302093 0.728306
vn 0.869839 0.199981 0.450986
vn 0.992183 0.067423 0.105007
vn 0.963477 -0.075400 -0.256958
vn 0.788090 -0.206743 -0.579803
vn 0.492723 -0.306612 -0.814379
vn 0.122344 -0.359802 -0.924973
vn -0.266661 -0.358215 -0.894748
vn -0.471302 -0.457563 -0.753996
vn -0.770711 -0.367343 -0.520638
vn -0.952785 -0.221198 -0.208018
vn -0.989807 -0.041378 0.136272
vn -0.876139 0.144741 0.459815
vn -0.629088 0.308825 0.713355
vn -0.286263 0.425893 0.858294
vn 0.100143 0.478123 0.872565
vn 0.471302 0.457563 0.753996
vn 0.770711 0.367343 0.520638
vn 0.952785 0.221198 0.208018
vn 0.989807 0.041378 -0.136272
vn 0.876139 -0.144741 -0.459815
vn 0.629088 -0.308825 -0.713355
vn 0.286263 -0.425893 -0.858294
vn -0.100143 -0.478123 -0.872565
vn -0.278537 -0.585552 -0.761279
vn -0.620329 -0.524352 -0.583307
vn -0.867681 -0.383325 -0.316532
vn -0.982936 -0.183939 -0.001567
vn -0.948549 0.043449 0.313636
vn -0.769753 0.264223 0.581091
vn -0.473770 0.444771 0.760080
vn -0.105659 0.557606 0.823354
vn 0.278537 0.585552 0.761279
vn 0.620329 0.524352 0.583307
vn 0.867681 0.383325 0.316532
vn 0.982936 0.183939 0.001567
vn 0.948549 -0.043449 -0.313636
vn 0.769753 -0.264223 -0.581091
vn 0.473770 -0.444771 -0.760080
vn 0.105659 -0.557606 -0.823354
vn -0.035515 -0.669717 -0.741767
vn -0.409697 -0.658004 -0.631806
vn -0.721507 -0.546116 -0.425658
vn -0.923474 -0.351087 -0.154708
vn -0.984850 -0.102608 0.139795
vn -0.896291 0.161492 0.413016
vn -0.671281 0.401007 0.623358
vn -0.344074 0.579472 0.738800
vn 0.035515 0.669717 0.741767
vn 0.409697 0.658004 0.631806
vn 0.721507 0.546116 0.425658
vn 0.923474 0.351087 0.154708
vn 0.984850 0.102608 -0.139795
vn 0.896291 -0.161492 -0.413016
vn 0.671281 -0.401007 -0.623358
vn 0.344074 -0.579472 -0.738800
vn 0.255714 -0.686344 -0.680839
vn -0.128667 -0.746978 -0.652280
vn -0.493460 -0.693890 -0.524417
vn -0.783128 -0.535165 -0.316716
vn -0.953572 -0.294965 -0.060798
vn -0.978843 -0.009859 0.204375
vn -0.855094 0.276747 0.438435
vn -0.601165 0.521221 0.605747
vn -0.255714 0.686344 0.680839
vn 0.128667 0.746978 0.652280
vn 0.493460 0.693890 0.524417
vn 0.783128 0.535165 0.316716
vn 0.953572 0.294965 0.060798
vn 0.978843 0.009859 -0.204375
vn 0.855094 -0.276747 -0.438435
vn 0.601165 -0.521221 -0.605747
vn 0.578869 -0.599406 -0.552832
vn 0.226291 -0.753709 -0.617021
vn -0.160737 -0.793267 -0.587275
vn -0.523295 -0.712057 -0.468121
vn -0.806186 -0.522443 -0.277700
vn -0.966343 -0.253291 -0.045002
vn -0.979382 0.054421 0.194547
vn -0.843320 0.353849 0.404479
vn -0.578869 0.599406 0.552832
vn -0.226291 0.753709 0.617021
vn 0.160737 0.793267 0.587275
vn 0.523295 0.712057 0.468121
vn 0.806186 0.522443 0.277700
vn 0.966343 0.253291 0.045002
vn 0.979382 -0.054421 -0.194547
vn 0.843320 -0.353849 -0.404479
vn 0.871777 -0.366939 -0.324592
vn 0.619665 -0.620910 -0.480089
vn 0.273215 -0.780353 -0.562497
vn -0.114830 -0.820994 -0.559270
vn -0.485393 -0.736646 -0.470899
vn -0.782059 -0.540151 -0.310838
vn -0.959664 -0.261422 -0.103454
vn -0.991169 0.057105 0.119679
vn -0.871777 0.366939 0.324592
vn -0.619665 0.620910 0.480089
vn -0.273215 0.780353 0.562497
vn 0.114830 0.820994 0.559270
vn 0.485393 0.736646 0.470899
vn 0.782059 0.540151 0.310838
vn 0.959664 0.261422 0.103454
vn 0.991169 -0.057105 -0.119679
vn 1.000000 0.000000 0.000000
vn 0.923880 -0.318411 -0.212275
vn 0.707107 -0.588347 -0.392234
vn 0.382683 -0.768713 -0.512478
vn 0.000000 -0.832049 -0.554702
vn -0.382683 -0.768713 -0.512478
vn -0.707107 -0.588347 -0.392234
vn -0.923880 -0.318411 -0.212275
vn -1.000000 -0.000000 -0.000000
vn -0.923880 0.318411 0.212275
vn -0.707107 0.588347 0.392234
vn -0.382683 0.768713 0.512478
vn -0.000000 0.832049 0.554702
vn 0.382683 0.768713 0.512478
vn 0.707107 0.588347 0.392234
vn 0.923880 0.318411 0.212275
vn 0.871777 0.366939 0.324592
vn 0.991169 0.057105 0.119679
vn 0.959664 -0.261422 -0.103454
vn 0.782059 -0.540151 -0.310838
vn 0.485393 -0.736646 -0.470899
vn 0.114830 -0.820994 -0.559270
vn -0.273215 -0.780353 -0.562497
vn -0.619665 -0.620910 -0.480089
vn -0.871777 -0.366939 -0.324592
vn -0.991169 -0.057105 -0.119679
vn -0.959664 0.261422 0.103454
vn -0.782059 0.540151 0.310838
vn -0.485393 0.736646 0.470899
vn -0.114830 0.820994 0.559270
vn 0.273215 0.780353 0.562497
vn 0.619665 0.620910 0.480089
vn 0.578869 0.599406 0.552832
vn 0.843320 0.353849 0.404479
vn 0.979382 0.054421 0.194547
vn 0.966343 -0.253291 -0.045002
vn 0.806186 -0.522443 -0.277700
vn 0.523295 -0.712057 -0.468121
vn 0.160737 -0.793267 -0.587275
vn -0.226291 -0.753709 -0.617021
vn -0.578869 -0.599406 -0.552832
vn -0.843320 -0.353849 -0.404479
vn -0.979382 -0.054421 -0.194547
vn -0.966343 0.253291 0.045002
vn -0.806186 0.522443 0.277700
vn -0.523295 0.712057 0.468121
vn -0.160737 0.793267 0.587275
vn 0.226291 0.753709 0.617021
vn 0.255714 0.686344 0.680839
vn 0.601165 0.521221 0.605747
vn 0.855094 0.276747 0.438435
vn 0.978843 -0.009859 0.204375
vn 0.953572 -0.294965 -0.060798
vn 0.783128 -0.535165 -0.316716
vn 0.493460 -0.693890 -0.524417
vn 0.128667 -0.746978 -0.652280
vn -0.255714 -0.686344 -0.680839
vn -0.601165 -0.521221 -0.605747
vn -0.855094 -0.276747 -0.438435
vn -0.978843 0.009859 -0.204375
vn -0.953572 0.294965 0.060798
vn -0.783128 0.535165 0.316716
vn -0.493460 0.693890 0.524417
vn -0.128667 0.746978 0.652280
vn -0.035515 0.669717 0.741767
vn 0.344074 0.579472 0.738800
vn 0.671281 0.401007 0.623358
vn 0.896291 0.161492 0.413016
vn 0.984850 -0.102608 0.139795
vn 0.923474 -0.351087 -0.154708
vn 0.721507 -0.546116 -0.425658
vn 0.409697 -0.658004 -0.631806
vn 0.035515 -0.669717 -0.741767
vn -0.344074 -0.579472 -0.738800
vn -0.671281 -0.401007 -0.623358
vn -0.896291 -0.161492 -0.413016
vn -0.984850 0.102608 -0.139795
vn -0.923474 0.351087 0.154708
vn -0.721507 0.546116 0.425658
vn -0.409697 0.658004 0.631806
vn -0.278537 0.585552 0.761279
vn 0.105659 0.557606 0.823354
vn 0.473770 0.444771 0.760080
vn 0.769753 0.264223 0.581091
vn 0.948549 0.043449 0.313636
vn 0.982936 -0.183939 -0.001567
vn 0.867681 -0.383325 -0.316532
vn 0.620329 -0.524352 -0.583307
vn 0.278537 -0.585552 -0.761279
vn -0.105659 -0.557606 -0.823354
vn -0.473770 -0.444771 -0.760080
vn -0.769753 -0.264223 -0.581091
vn -0.948549 -0.043449 -0.313636
vn -0.982936 0.183939 0.001567
vn -0.867681 0.383325 0.316532
vn -0.620329 0.524352 0.583307
vn -0.471302 0.457563 0.753996
vn -0.100143 0.478123 0.872565
vn 0.286263 0.425893 0.858294
vn 0.629088 0.308825 0.713355
vn 0.876139 0.144741 0.459815
vn 0.989807 -0.041378 0.136272
vn 0.952785 -0.221198 -0.208018
vn 0.770711 -0.367343 -0.520638
vn 0.471302 -0.457563 -0.753996
vn 0.100143 -0.478123 -0.872565
vn -0.286263 -0.425893 -0.858294
vn -0.629088 -0.308825 -0.713355
vn -0.876139 -0.144741 -0.459815
vn -0.989807 0.041378 -0.136272
vn -0.952785 0.221198 0.208018
vn -0.770711 0.367343 0.520638
vn -0.615069 0.302093 0.728306
vn -0.266661 0.358215 0.894748
vn 0.122344 0.359802 0.924973
vn 0.492723 0.306612 0.814379
vn 0.788090 0.206743 0.579803
vn 0.963477 0.075400 0.256958
vn 0.992183 -0.067423 -0.105007
vn 0.869839 -0.199981 -0.450986
vn 0.615069 -0.302093 -0.728306
vn 0.266661 -0.358215 -0.894748
vn -0.122344 -0.359802 -0.924973
vn -0.492723 -0.306612 -0.814379
vn -0.788090 -0.206743 -0.579803
vn -0.963477 -0.075400 -0.256958
vn -0.992183 0.067423 0.105007
vn -0.869839 0.199981 0.450986
vn -0.712068 0.131540 0.689679
vn -0.390684 0.212025 0.895774
vn -0.009822 0.260231 0.965496
vn 0.372536 0.268820 0.888230
vn 0.698178 0.236483 0.675739
vn 0.917529 0.168144 0.360373
vn 0.997194 0.074206 -0.009857
vn 0.925046 -0.031029 -0.378586
vn 0.712068 -0.131540 -0.689679
vn 0.390684 -0.212025 -0.895774
vn 0.009822 -0.260231 -0.965496
vn -0.372536 -0.268820 -0.888230
vn -0.698178 -0.236483 -0.675739
vn -0.917529 -0.168144 -0.360373
vn -0.997194 -0.074206 0.009857
vn -0.925046 0.031029 0.378586
vn -0.765270 -0.044177 0.642191
vn -0.471462 0.051676 0.880371
vn -0.105877 0.139662 0.984523
vn 0.275826 0.206385 0.938789
vn 0.615537 0.241688 0.750134
vn 0.861539 0.240196 0.447277
vn 0.976378 0.202137 0.076327
vn 0.942573 0.133304 -0.306244
vn 0.765270 0.044177 -0.642191
vn 0.471462 -0.051676 -0.880371
vn 0.105877 -0.139662 -0.984523
vn -0.275826 -0.206385 -0.938789
vn -0.615537 -0.241688 -0.750134
vn -0.861539 -0.240196 -0.447277
vn -0.976378 -0.202137 -0.076327
vn -0.942573 -0.133304 0.306244
vn -0.778366 -0.217069 0.589090
vn -0.510303 -0.112471 0.852608
vn -0.164551 0.009250 0.986325
vn 0.206253 0.129563 0.969883
vn 0.545657 0.230151 0.805785
vn 0.801989 0.295701 0.519013
vn 0.936226 0.316233 0.153227
vn 0.927931 0.288621 -0.235887
vn 0.778366 0.217069 -0.589090
vn 0.510303 0.112471 -0.852608
vn 0.164551 -0.009250 -0.986325
vn -0.206253 -0.129563 -0.969883
vn -0.545657 -0.230151 -0.805785
vn -0.801989 -0.295701 -0.519013
vn -0.936226 -0.316233 -0.153227
vn -0.927931 -0.288621 0.235887
vn -0.755600 -0.380834 0.532949
vn -0.510165 -0.271810 0.815997
vn -0.187062 -0.121405 0.974817
vn 0.164520 0.047482 0.985230
vn 0.491055 0.209141 0.845651
vn 0.742831 0.338960 0.577329
vn 0.881518 0.417175 0.221114
vn 0.886002 0.431879 -0.168764
vn 0.755600 0.380834 -0.532949
vn 0.510165 0.271810 -0.815997
vn 0.187062 0.121405 -0.974817
vn -0.164520 -0.047482 -0.985230
vn -0.491055 -0.209141 -0.845651
vn -0.742831 -0.338960 -0.577329
vn -0.881518 -0.417175 -0.221114
vn -0.886002 -0.431879 0.168764
vn -0.701522 -0.530620 0.475720
vn -0.475181 -0.419462 0.773469
vn -0.176498 -0.244446 0.953465
vn 0.149055 -0.032214 0.988304
vn 0.451916 0.184922 0.872683
vn 0.685977 0.373905 0.624204
vn 0.815604 0.505964 0.280695
vn 0.821063 0.560995 -0.105546
vn 0.701522 0.530620 -0.475720
vn 0.475181 0.419462 -0.773469
vn 0.176498 0.244446 -0.953465
vn -0.149055 0.032214 -0.988304
vn -0.451916 -0.184922 -0.872683
vn -0.685977 -0.373905 -0.624204
vn -0.815604 -0.505964 -0.280695
vn -0.821063 -0.560995 0.105546
vn -0.620775 -0.662772 0.418774
vn -0.410219 -0.550155 0.727359
vn -0.137210 -0.353781 0.925209
vn 0.156687 -0.103547 0.982205
vn 0.426730 0.162450 0.889669
vn 0.631807 0.403717 0.661689
vn 0.740697 0.583521 0.332973
vn 0.736823 0.674489 -0.046435
vn 0.620775 0.662772 -0.418774
vn 0.410219 0.550155 -0.727359
vn 0.137210 0.353781 -0.925209
vn -0.156687 0.103547 -0.982205
vn -0.426730 -0.162450 -0.889669
vn -0.631807 -0.403717 -0.661689
vn -0.740697 -0.583521 -0.332973
vn -0.736823 -0.674489 0.046435
vn -0.517946 -0.774580 0.362984
vn -0.320512 -0.660033 0.679433
vn -0.074283 -0.445001 0.892444
vn 0.183255 -0.162222 0.969588
vn 0.412894 0.145253 0.899122
vn 0.579674 0.430615 0.691772
vn 0.658204 0.650420 0.379106
vn 0.636528 0.771205 0.008725
vn 0.517946 0.774580 -0.362984
vn 0.320512 0.660033 -0.679433
vn 0.074283 0.445001 -0.892444
vn -0.183255 0.162222 -0.969588
vn -0.412894 -0.145253 -0.899122
vn -0.579674 -0.430615 -0.691772
vn -0.658204 -0.650420 -0.379106
vn -0.636528 -0.771205 -0.008725
vn -0.397515 -0.864068 0.308818
vn -0.211406 -0.746460 0.630956
vn 0.006888 -0.515211 0.857036
vn 0.224134 -0.205525 0.952640
vn 0.407257 0.135450 0.903214
vn 0.528379 0.455804 0.716281
vn 0.569060 0.706766 0.420301
vn 0.523107 0.850129 0.060334
vn 0.397515 0.864068 -0.308818
vn 0.211406 0.746460 -0.630956
vn -0.006888 0.515211 -0.857036
vn -0.224134 0.205525 -0.952640
vn -0.407257 -0.135450 -0.903214
vn -0.528379 -0.455804 -0.716281
vn -0.569060 -0.706766 -0.420301
vn -0.523107 -0.850129 -0.060334
vn -0.263846 -0.929852 0.256439
vn -0.088180 -0.807836 0.582774
vn 0.100911 -0.562835 0.820387
vn 0.274639 -0.232147 0.933103
vn 0.406556 0.133883 0.903763
vn 0.476578 0.479531 0.736833
vn 0.474046 0.752174 0.457727
vn 0.399344 0.910306 0.108936
vn 0.263846 0.929852 -0.256439
vn 0.088180 0.807836 -0.582774
vn -0.100911 0.562835 -0.820387
vn -0.274639 0.232147 -0.933103
vn -0.406556 -0.133883 -0.903763
vn -0.476578 -0.479531 -0.736833
vn -0.474046 -0.752174 -0.457727
vn -0.399344 -0.910306 -0.108936
vn -0.121210 -0.971060 0.205795
vn 0.044061 -0.843447 0.535403
vn 0.202624 -0.587427 0.783501
vn 0.330339 -0.241976 0.912318
vn 0.407763 0.140313 0.902243
vn 0.423108 0.501240 0.754809
vn 0.374040 0.785859 0.492463
vn 0.268027 0.950837 0.155144
vn 0.121210 0.971060 -0.205795
vn -0.044061 0.843447 -0.535403
vn -0.202624 0.587427 -0.783501
vn -0.330339 0.241976 -0.912318
vn -0.407763 -0.140313 -0.902243
vn -0.423108 -0.501240 -0.754809
vn -0.374040 -0.785859 -0.492463
vn -0.268027 -0.950837 -0.155144
vn 0.026201 -0.987301 0.156687
vn 0.180470 -0.853352 0.489102
vn 0.307264 -0.589488 0.747056
vn 0.387280 -0.235880 0.891277
vn 0.408336 0.153638 0.899809
vn 0.367227 0.519767 0.771354
vn 0.270210 0.806766 0.525467
vn 0.132057 0.970942 0.199582
vn -0.026201 0.987301 -0.156687
vn -0.180470 0.853352 -0.489102
vn -0.307264 0.589488 -0.747056
vn -0.387280 0.235880 -0.891277
vn -0.408336 -0.153638 -0.899809
vn -0.367227 -0.519767 -0.771354
vn -0.270210 -0.806766 -0.525467
vn -0.132057 -0.970942 -0.199582
vn 0.174268 -0.978666 0.108826
vn 0.316524 -0.838292 0.443937
vn 0.410591 -0.570295 0.711462
vn 0.442150 -0.215475 0.870674
vn 0.406396 0.172148 0.897334
vn 0.308771 0.533563 0.787382
vn 0.164139 0.813748 0.557559
vn -0.005482 0.970048 0.242852
vn -0.174268 0.978666 -0.108826
vn -0.316524 0.838292 -0.443937
vn -0.410591 0.570295 -0.711462
vn -0.442150 0.215475 -0.870674
vn -0.406396 -0.172148 -0.897334
vn -0.308771 -0.533563 -0.787382
vn -0.164139 -0.813748 -0.557559
vn 0.005482 -0.970048 -0.242852
vn 0.318972 -0.945743 0.061866
vn 0.448079 -0.799604 0.399824
vn 0.508971 -0.531732 0.676912
vn 0.492376 -0.182909 0.850947
vn 0.400822 0.193761 0.895432
vn 0.248246 0.540932 0.803596
vn 0.057877 0.805751 0.589420
vn -0.141303 0.947902 0.285510
vn -0.318972 0.945743 -0.061866
vn -0.448079 0.799604 -0.399824
vn -0.508971 0.531732 -0.676912
vn -0.492376 0.182909 -0.850947
vn -0.400822 -0.193761 -0.895432
vn -0.248246 -0.540932 -0.803596
vn -0.057877 -0.805751 -0.589420
vn 0.141303 -0.947902 -0.285510
vn 0.456432 -0.889624 0.015430
vn 0.571430 -0.739142 0.356562
vn 0.599433 -0.476132 0.643412
vn 0.536178 -0.140635 0.832307
vn 0.391294 0.216273 0.894491
vn 0.186840 0.540254 0.820498
vn -0.046060 0.781987 0.621590
vn -0.271947 0.904670 0.328052
vn -0.456432 0.889624 -0.015430
vn -0.571430 0.739142 -0.356562
vn -0.599433 0.476132 -0.643412
vn -0.536178 0.140635 -0.832307
vn -0.391294 -0.216273 -0.894491
vn -0.186840 -0.540254 -0.820498
vn 0.046060 -0.781987 -0.621590
vn 0.271947 -0.904670 -0.328052
vn 0.582968 -0.811908 -0.030875
vn 0.683353 -0.659184 0.313856
vn 0.679703 -0.406105 0.610805
vn 0.572574 -0.091200 0.814765
vn 0.378277 0.237589 0.894683
vn 0.126390 0.530207 0.838395
vn -0.144739 0.742106 0.654468
vn -0.393832 0.841027 0.370905
vn -0.582968 0.811908 0.030875
vn -0.683353 0.659184 -0.313856
vn -0.679703 0.406105 -0.610805
vn -0.572574 0.091200 -0.814765
vn -0.378277 -0.237589 -0.894683
vn -0.126390 -0.530207 -0.838395
vn 0.144739 -0.742106 -0.654468
vn 0.393832 -0.841027 -0.370905
vn 0.695153 -0.714679 -0.077442
vn 0.781129 -0.562334 0.271327
vn 0.748186 -0.324379 0.578789
vn 0.601338 -0.037040 0.798136
vn 0.362942 0.255938 0.895974
vn 0.069291 0.509952 0.857408
vn -0.234909 0.686330 0.688309
vn -0.503345 0.758220 0.414422
vn -0.695153 0.714679 0.077442
vn -0.781129 0.562334 -0.271327
vn -0.748186 0.324379 -0.578789
vn -0.601338 0.037040 -0.798136
vn -0.362942 -0.255938 -0.895974
vn -0.069291 -0.509952 -0.857408
vn 0.234909 -0.686330 -0.688309
vn 0.503345 -0.758220 -0.414422
vn 0.789869 -0.600472 -0.124662
vn 0.862555 -0.451416 0.228523
vn 0.803925 -0.233635 0.546918
vn 0.622905 0.019714 0.782049
vn 0.347053 0.270062 0.898120
vn 0.018366 0.479296 0.877461
vn -0.313118 0.615561 0.723216
vn -0.596932 0.658113 0.458868
vn -0.789869 0.600472 0.124662
vn -0.862555 0.451416 -0.228523
vn -0.803925 0.233635 -0.546918
vn -0.622905 -0.019714 -0.782049
vn -0.347053 -0.270062 -0.898120
vn -0.018366 -0.479296 -0.877461
vn 0.313118 -0.615561 -0.723216
vn 0.596932 -0.658113 -0.458868
vn 0.864351 -0.472232 -0.172902
vn 0.925913 -0.329373 0.184928
vn 0.846514 -0.136370 0.514604
vn 0.638240 0.077394 0.765937
vn 0.332801 0.279375 0.900663
vn -0.023305 0.438825 0.898270
vn -0.375863 0.531467 0.759125
vn -0.671198 0.543198 0.504409
vn -0.864351 0.472232 0.172902
vn -0.925913 0.329373 -0.184928
vn -0.846514 0.136370 -0.514604
vn -0.638240 -0.077394 -0.765937
vn -0.332801 -0.279375 -0.900663
vn 0.023305 -0.438825 -0.898270
vn 0.375863 -0.531467 -0.759125
vn 0.671198 -0.543198 -0.504409
vn 0.916206 -0.333260 -0.222493
vn 0.969916 -0.199180 0.139969
vn 0.875964 -0.034776 0.481122
vn 0.648655 0.134923 0.749028
vn 0.322593 0.284080 0.902902
vn -0.052580 0.389989 0.919317
vn -0.419748 0.436526 0.795774
vn -0.723013 0.416605 0.551082
vn -0.916206 0.333260 0.222493
vn -0.969916 0.199180 -0.139969
vn -0.875964 0.034776 -0.481122
vn -0.648655 -0.134923 -0.749028
vn -0.322593 -0.284080 -0.902902
vn 0.052580 -0.389989 -0.919317
vn 0.419748 -0.436526 -0.795774
vn 0.723013 -0.416605 -0.551082
vn 0.943425 -0.187182 -0.273700
vn 0.993618 -0.063777 0.093033
vn 0.892542 0.069338 0.445602
vn 0.655584 0.191897 0.730332
vn 0.318820 0.285241 0.903876
vn -0.066482 0.335160 0.939813
vn -0.441663 0.334054 0.832672
vn -0.749604 0.282091 0.598764
vn -0.943425 0.187182 0.273700
vn -0.993618 0.063777 -0.093033
vn -0.892542 -0.069338 -0.445602
vn -0.655584 -0.191897 -0.730332
vn -0.318820 -0.285241 -0.903876
vn 0.066482 -0.335160 -0.939813
vn 0.441663 -0.334054 -0.832672
vn 0.749604 -0.282091 -0.598764
vn 0.944375 -0.037925 -0.326678
vn 0.996313 0.073950 0.043494
vn 0.896572 0.174567 0.407045
vn 0.660336 0.248607 0.708626
vn 0.323570 0.284800 0.902326
vn -0.062457 0.277634 0.958655
vn -0.438975 0.228201 0.869037
vn -0.748664 0.144026 0.647116
vn -0.944375 0.037925 0.326678
vn -0.996313 -0.073950 -0.043494
vn -0.896572 -0.174567 -0.407045
vn -0.660336 -0.248607 -0.708626
vn -0.323570 -0.284800 -0.902326
vn 0.062457 -0.277634 -0.958655
vn 0.438975 -0.228201 -0.869037
vn 0.748664 -0.144026 -0.647116
vn 0.917803 0.110269 -0.381417
vn 0.977412 0.211139 -0.009244
vn 0.888219 0.279866 0.364337
vn 0.663803 0.305985 0.682450
vn 0.338329 0.285521 0.896667
vn -0.038653 0.221589 0.974374
vn -0.409750 0.123922 0.903741
vn -0.718466 0.007389 0.695522
vn -0.917803 -0.110269 0.381417
vn -0.977412 -0.211139 0.009244
vn -0.888219 -0.279866 -0.364337
vn -0.663803 -0.305985 -0.682450
vn -0.338329 -0.285521 -0.896667
vn 0.038653 -0.221589 -0.974374
vn 0.409750 -0.123922 -0.903741
vn 0.718466 -0.007389 -0.695522
vn 0.862869 0.252803 -0.437661
vn 0.936350 0.344868 -0.065686
vn 0.867280 0.384430 0.316289
vn 0.666175 0.365465 0.650112
vn 0.363650 0.290862 0.884962
vn 0.005763 0.171978 0.985084
vn -0.353001 0.026912 0.935236
vn -0.658024 -0.122251 0.743007
vn -0.862869 -0.252803 0.437661
vn -0.936350 -0.344868 0.065686
vn -0.867280 -0.384430 -0.316289
vn -0.666175 -0.365465 -0.650112
vn -0.363650 -0.290862 -0.884962
vn -0.005763 -0.171978 -0.985084
vn 0.353001 -0.026912 -0.935236
vn 0.658024 0.122251 -0.743007
vn 0.779220 0.384666 -0.494821
vn 0.872524 0.472000 -0.126164
vn 0.832994 0.487476 0.261700
vn 0.666649 0.428739 0.609723
vn 0.398812 0.304730 0.864921
vn 0.070259 0.134328 0.988443
vn -0.268989 -0.056523 0.961483
vn -0.567287 -0.238770 0.788146
vn -0.779220 -0.384666 0.494821
vn -0.872524 -0.472000 0.126164
vn -0.832994 -0.487476 -0.261700
vn -0.666649 -0.428739 -0.609723
vn -0.398812 -0.304730 -0.864921
vn -0.070259 -0.134328 -0.988443
vn 0.268989 0.056523 -0.961483
vn 0.567287 0.238770 -0.788146
vn 0.667146 0.500358 -0.551867
vn 0.785315 0.588985 -0.190727
vn 0.783927 0.587944 0.199450
vn 0.663193 0.497394 0.559262
vn 0.441494 0.331120 0.833932
vn 0.152582 0.114436 0.981643
vn -0.159560 -0.119670 0.979908
vn -0.447410 -0.335557 0.828991
vn -0.667146 -0.500358 0.551867
vn -0.785315 -0.588985 0.190727
vn -0.783927 -0.587944 -0.199450
vn -0.663193 -0.497394 -0.559262
vn -0.441494 -0.331120 -0.833932
vn -0.152582 -0.114436 -0.981643
vn 0.159560 0.119670 -0.979908
vn 0.447410 0.335557 -0.828991
vn 0.527816 0.593858 -0.607242
vn 0.674203 0.691631 -0.259029
vn 0.717949 0.684110 0.128619
vn 0.652393 0.572440 0.496685
vn 0.487517 0.373620 0.789136
vn 0.248420 0.117920 0.961448
vn -0.028496 -0.155732 0.987388
vn -0.301074 -0.405675 0.863008
vn -0.527816 -0.593858 0.607242
vn -0.674203 -0.691631 0.259029
vn -0.717949 -0.684110 -0.128619
vn -0.652393 -0.572440 -0.496685
vn -0.487517 -0.373620 -0.789136
vn -0.248420 -0.117920 -0.961448
vn 0.028496 0.155732 -0.987388
vn 0.301074 0.405675 -0.863008
vn 0.363589 0.658634 -0.658790
vn 0.538995 0.774881 -0.330217
vn 0.632344 0.773160 0.048628
vn 0.629424 0.653732 0.420071
vn 0.530680 0.434780 0.727561
vn 0.351145 0.149636 0.924287
vn 0.118151 -0.158289 0.980298
vn -0.132830 -0.442115 0.887068
vn -0.363589 -0.658634 0.658790
vn -0.538995 -0.774881 0.330217
vn -0.632344 -0.773160 -0.048628
vn -0.629424 -0.653732 -0.420071
vn -0.530680 -0.434780 -0.727561
vn -0.351145 -0.149636 -0.924287
vn -0.118151 0.158289 -0.980298
vn 0.132830 0.442115 -0.887068
vn 0.178346 0.687728 -0.703720
vn 0.380133 0.832603 -0.402830
vn 0.524047 0.850721 -0.040613
vn 0.588180 0.739324 0.327787
vn 0.562768 0.515372 0.646285
vn 0.451679 0.212960 0.866391
vn 0.271827 -0.121874 0.954598
vn 0.050591 -0.438154 0.897475
vn -0.178346 -0.687728 0.703720
vn -0.380133 -0.832603 0.402830
vn -0.524047 -0.850721 0.040613
vn -0.588180 -0.739324 -0.327787
vn -0.562768 -0.515372 -0.646285
vn -0.451679 -0.212960 -0.866391
vn -0.271827 0.121874 -0.954598
vn -0.050591 0.438154 -0.897475
vn -0.022197 0.673845 -0.738539
vn 0.199030 0.857360 -0.474680
vn 0.389957 0.910350 -0.138554
vn 0.521516 0.824747 0.218664
vn 0.573679 0.613584 0.542594
vn 0.538504 0.309008 0.783918
vn 0.421348 -0.042611 0.905898
vn 0.240045 -0.387743 0.889963
vn 0.022197 -0.673845 0.738539
vn -0.199030 -0.857360 0.474680
vn -0.389957 -0.910350 0.138554
vn -0.521516 -0.824747 -0.218664
vn -0.573679 -0.613584 -0.542594
vn -0.538504 -0.309008 -0.783918
vn -0.421348 0.042611 -0.905898
vn -0.240045 0.387743 -0.889963
vn -0.230172 0.609296 -0.758801
vn -0.001567 0.840006 -0.542575
vn 0.227277 0.942832 -0.243747
vn 0.421520 0.902121 0.092190
vn 0.551590 0.724070 0.414091
vn 0.597686 0.435785 0.672951
vn 0.552789 0.081157 0.829360
vn 0.423735 -0.285827 0.859506
vn 0.230172 -0.609296 0.758801
vn 0.001567 -0.840006 0.542575
vn -0.227277 -0.942832 0.243747
vn -0.421520 -0.902121 -0.092190
vn -0.551590 -0.724070 -0.414091
vn -0.597686 -0.435785 -0.672951
vn -0.552789 -0.081157 -0.829360
vn -0.423735 0.285827 -0.859506
vn -0.434895 0.485638 -0.758302
vn -0.216989 0.768806 -0.601542
vn 0.033951 0.934931 -0.353202
vn 0.279723 0.958720 -0.051091
vn 0.482909 0.836554 0.258799
vn 0.612577 0.587029 0.529288
vn 0.648985 0.248135 0.719199
vn 0.586592 -0.128536 0.799618
vn 0.434895 -0.485638 0.758302
vn 0.216989 -0.768806 0.601542
vn -0.033951 -0.934931 0.353202
vn -0.279723 -0.958720 0.051091
vn -0.482909 -0.836554 -0.258799
vn -0.612577 -0.587029 -0.529288
vn -0.648985 -0.248135 -0.719199
vn -0.586592 0.128536 -0.799618
vn -0.620839 0.293171 -0.727055
vn -0.438912 0.627886 -0.642740
vn -0.190164 0.867012 -0.460574
vn 0.087534 0.974142 -0.208289
vn 0.351906 0.932969 0.075706
vn 0.562704 0.749759 0.348175
vn 0.687835 0.452405 0.567638
vn 0.708249 0.086177 0.700683
vn 0.620839 -0.293171 0.727055
vn 0.438912 -0.627886 0.642740
vn 0.190164 -0.867012 0.460574
vn -0.087534 -0.974142 0.208289
vn -0.351906 -0.932969 -0.075706
vn -0.562704 -0.749759 -0.348175
vn -0.687835 -0.452405 -0.567638
vn -0.708249 -0.086177 -0.700683
vn -0.761932 0.022401 -0.647270
vn -0.649860 0.396138 -0.648658
vn -0.438853 0.709566 -0.551293
vn -0.161035 0.914969 -0.369999
vn 0.141299 0.981077 -0.132376
vn 0.422122 0.897824 0.125400
vn 0.638680 0.677886 0.364085
vn 0.758006 0.354746 0.547342
vn 0.761932 -0.022401 0.647270
vn 0.649860 -0.396138 0.648658
vn 0.438853 -0.709566 0.551293
vn 0.161035 -0.914969 0.369999
vn -0.141299 -0.981077 0.132376
vn -0.422122 -0.897824 -0.125400
vn -0.638680 -0.677886 -0.364085
vn -0.758006 -0.354746 -0.547342
vn -0.809918 -0.323555 -0.489229
vn -0.809038 0.054635 -0.585211
vn -0.684990 0.424507 -0.592100
vn -0.456658 0.729752 -0.508847
vn -0.158804 0.923899 -0.348127
vn 0.163226 0.977390 -0.134407
vn 0.460407 0.882083 0.099775
vn 0.687495 0.652487 0.318767
vn 0.809918 0.323555 0.489229
vn 0.809038 -0.054635 0.585211
vn 0.684990 -0.424507 0.592100
vn 0.456658 -0.729752 0.508847
vn 0.158804 -0.923899 0.348127
vn -0.163226 -0.977390 0.134407
vn -0.460407 -0.882083 -0.099775
vn -0.687495 -0.652487 -0.318767
vn -0.691424 -0.686773 -0.224222
vn -0.835372 -0.372134 -0.404561
vn -0.852142 -0.000841 -0.523310
vn -0.739182 0.370580 -0.562389
vn -0.513687 0.685583 -0.515850
vn -0.209988 0.896213 -0.390777
vn 0.125679 0.970403 -0.206212
vn 0.442213 0.896857 0.009747
vn 0.691424 0.686773 0.224222
vn 0.835372 0.372134 0.404561
vn 0.852142 0.000841 0.523310
vn 0.739182 -0.370580 0.562389
vn 0.513687 -0.685583 0.515850
vn 0.209988 -0.896213 0.390777
vn -0.125679 -0.970403 0.206212
vn -0.442213 -0.896857 -0.009747
vn -0.378732 -0.918377 0.114658
vn -0.654926 -0.748706 -0.102527
vn -0.831413 -0.465051 -0.304104
vn -0.881326 -0.110597 -0.459384
vn -0.797064 0.260695 -0.544726
vn -0.591457 0.592298 -0.547139
vn -0.295806 0.833730 -0.466255
vn 0.044879 0.948233 -0.314388
vn 0.378732 0.918377 -0.114658
vn 0.654926 0.748706 0.102527
vn 0.831413 0.465051 0.304104
vn 0.881326 0.110597 0.459384
vn 0.797064 -0.260695 0.544726
vn 0.591457 -0.592298 0.547139
vn 0.295806 -0.833730 0.466255
vn -0.044879 -0.948233 0.314388
vn 0.007959 -0.910586 0.413242
vn -0.332922 -0.916090 0.223478
vn -0.623119 -0.782127 -0.000309
vn -0.818452 -0.529093 -0.224049
vn -0.889182 -0.195508 -0.413680
vn -0.824543 0.167840 -0.540331
vn -0.634375 0.505636 -0.584722
vn -0.347629 0.766454 -0.540095
vn -0.007959 0.910586 -0.413242
vn 0.332922 0.916090 -0.223478
vn 0.623119 0.782127 0.000309
vn 0.818452 0.529093 0.224049
vn 0.889182 0.195508 0.413680
vn 0.824543 -0.167840 0.540331
vn 0.634375 -0.505636 0.584722
vn 0.347629 -0.766454 0.540095
vn 0.321574 -0.728345 0.605065
vn -0.017071 -0.876824 0.480509
vn -0.353118 -0.891814 0.282800
vn -0.635406 -0.771033 0.042038
vn -0.820959 -0.532870 -0.205124
vn -0.881529 -0.213582 -0.421058
vn -0.807893 0.138222 -0.572890
vn -0.611264 0.468983 -0.637504
vn -0.321574 0.728345 -0.605065
vn 0.017071 0.876824 -0.480509
vn 0.353118 0.891814 -0.282800
vn 0.635406 0.771033 -0.042038
vn 0.820959 0.532870 0.205124
vn 0.881529 0.213582 0.421058
vn 0.807893 -0.138222 0.572890
vn 0.611264 -0.468983 0.637504
vn 0.520880 -0.478278 0.707060
vn 0.219962 -0.721468 0.656583
vn -0.114443 -0.854821 0.506147
vn -0.431426 -0.858035 0.278654
vn -0.682727 -0.730621 0.008739
vn -0.830090 -0.491977 -0.262506
vn -0.851079 -0.178434 -0.493788
vn -0.742499 0.162274 -0.649894
vn -0.520880 0.478278 -0.707060
vn -0.219962 0.721468 -0.656583
vn 0.114443 0.854821 -0.506147
vn 0.431426 0.858035 -0.278654
vn 0.682727 0.730621 -0.008739
vn 0.830090 0.491977 0.262506
vn 0.851079 0.178434 0.493788
vn 0.742499 -0.162274 0.649894
vn 0.622055 -0.218147 0.751971
vn 0.371346 -0.516477 0.771592
vn 0.064103 -0.736178 0.673745
vn -0.252899 -0.843803 0.473327
vn -0.531400 -0.822967 0.200849
vn -0.728999 -0.676841 -0.102207
vn -0.815615 -0.427672 -0.389702
vn -0.778061 -0.113395 -0.617869
vn -0.622055 0.218147 -0.751971
vn -0.371346 0.516477 -0.771592
vn -0.064103 0.736178 -0.673745
vn 0.252899 0.843803 -0.473327
vn 0.531400 0.822967 -0.200849
vn 0.728999 0.676841 0.102207
vn 0.815615 0.427672 0.389702
vn 0.778061 0.113395 0.617869
vn 0.647751 0.028252 0.761328
vn 0.448188 -0.296882 0.843202
vn 0.180391 -0.576818 0.796706
vn -0.114868 -0.768939 0.628919
vn -0.392639 -0.843996 0.365384
vn -0.610635 -0.790562 0.046224
vn -0.735667 -0.616772 -0.279974
vn -0.748701 -0.349085 -0.563549
vn -0.647751 -0.028252 -0.761328
vn -0.448188 0.296882 -0.843202
vn -0.180391 0.576818 -0.796706
vn 0.114868 0.768939 -0.628919
vn 0.392639 0.843996 -0.365384
vn 0.610635 0.790562 -0.046224
vn 0.735667 0.616772 0.279974
vn 0.748701 0.349085 0.563549
vn 0.615729 0.250234 0.747168
vn 0.462810 -0.082187 0.882639
vn 0.239432 -0.402097 0.883737
vn -0.020397 -0.660791 0.750293
vn -0.277121 -0.818885 0.502624
vn -0.491656 -0.852312 0.178435
vn -0.631340 -0.755982 -0.172919
vn -0.674909 -0.544560 -0.497947
vn -0.615729 -0.250234 -0.747168
vn -0.462810 0.082187 -0.882639
vn -0.239432 0.402097 -0.883737
vn 0.020397 0.660791 -0.750293
vn 0.277121 0.818885 -0.502624
vn 0.491656 0.852312 -0.178435
vn 0.631340 0.755982 0.172919
vn 0.674909 0.544560 0.497947
vn 0.539609 0.441861 0.716646
vn 0.426404 0.115014 0.897191
vn 0.248283 -0.229343 0.941147
vn 0.032362 -0.538784 0.841822
vn -0.188485 -0.766201 0.614337
vn -0.380636 -0.876970 0.293325
vn -0.514840 -0.854229 -0.072343
vn -0.570664 -0.701439 -0.426998
vn -0.539609 -0.441861 -0.716646
vn -0.426404 -0.115014 -0.897191
vn -0.248283 0.229343 -0.941147
vn -0.032362 0.538784 -0.841822
vn 0.188485 0.766201 -0.614337
vn 0.380636 0.876970 -0.293325
vn 0.514840 0.854229 0.072343
vn 0.570664 0.701439 0.426998
vn 0.430565 0.599541 0.674659
vn 0.349413 0.285999 0.892253
vn 0.215066 -0.071083 0.974009
vn 0.047977 -0.417344 0.907481
vn -0.126415 -0.700068 0.702798
vn -0.281563 -0.876212 0.391119
vn -0.393844 -0.918962 0.019897
vn -0.446167 -0.821808 -0.354355
vn -0.430565 -0.599541 -0.674659
vn -0.349413 -0.285999 -0.892253
vn -0.215066 0.071083 -0.974009
vn -0.047977 0.417344 -0.907481
vn 0.126415 0.700068 -0.702798
vn 0.281563 0.876212 -0.391119
vn 0.393844 0.918962 -0.019897
vn 0.446167 0.821808 0.354355
vn 0.298208 0.721442 0.624974
vn 0.241810 0.424984 0.872305
vn 0.148598 0.063826 0.986836
vn 0.032763 -0.307049 0.951130
vn -0.088059 -0.631179 0.770622
vn -0.195476 -0.859217 0.472795
vn -0.273133 -0.956448 0.102989
vn -0.309207 -0.908067 -0.282497
vn -0.298208 -0.721442 -0.624974
vn -0.241810 -0.424984 -0.872305
vn -0.148598 -0.063826 -0.986836
vn -0.032763 0.307049 -0.951130
vn 0.088059 0.631179 -0.770622
vn 0.195476 0.859217 -0.472795
vn 0.273133 0.956448 -0.102989
vn 0.309207 0.908067 0.282497
vn 0.150899 0.807242 0.570605
vn 0.113015 0.528733 0.841231
vn 0.057926 0.169729 0.983787
vn -0.005982 -0.215115 0.976570
vn -0.068979 -0.567209 0.820680
vn -0.121475 -0.832951 0.539848
vn -0.155478 -0.971884 0.176830
vn -0.165810 -0.962856 -0.213110
vn -0.150899 -0.807242 -0.570605
vn -0.113015 -0.528733 -0.841231
vn -0.057926 -0.169729 -0.983787
vn 0.005982 0.215115 -0.976570
vn 0.068979 0.567209 -0.820680
vn 0.121475 0.832951 -0.539848
vn 0.155478 0.971884 -0.176830
vn 0.165810 0.962856 0.213110
vn -0.004160 0.857831 0.513914
vn -0.028322 0.596180 0.802351
vn -0.048173 0.243766 0.968637
vn -0.060689 -0.145760 0.987457
vn -0.063967 -0.513095 0.855945
vn -0.057505 -0.802315 0.594124
vn -0.042290 -0.969391 0.241852
vn -0.020636 -0.988886 -0.147239
vn 0.004160 -0.857831 -0.513914
vn 0.028322 -0.596180 -0.802351
vn 0.048173 -0.243766 -0.968637
vn 0.060689 0.145760 -0.987457
vn 0.063967 0.513095 -0.855945
vn 0.057505 0.802315 -0.594124
vn 0.042290 0.969391 -0.241852
vn 0.020636 0.988886 0.147239
vn -0.160836 0.874985 0.456654
vn -0.174511 0.627995 0.758398
vn -0.161618 0.285398 0.944684
vn -0.124120 -0.100648 0.987150
vn -0.067726 -0.471371 0.879331
vn -0.001021 -0.770332 0.637642
vn 0.065839 -0.952018 0.298878
vn 0.122676 -0.988767 -0.085388
vn 0.160836 -0.874985 -0.456654
vn 0.174511 -0.627995 -0.758398
vn 0.161618 -0.285398 -0.944684
vn 0.124120 0.100648 -0.987150
vn 0.067726 0.471371 -0.879331
vn 0.001021 0.770332 -0.637642
vn -0.065839 0.952018 -0.298878
vn -0.122676 0.988767 0.085388
vn -0.313943 0.861060 0.400019
vn -0.318901 0.626140 0.711513
vn -0.275310 0.295895 0.914686
vn -0.189805 -0.079397 0.978606
vn -0.075403 -0.442601 0.893543
vn 0.050477 -0.738424 0.672445
vn 0.168673 -0.921828 0.348974
vn 0.261190 -0.964892 -0.027625
vn 0.313943 -0.861060 -0.400019
vn 0.318901 -0.626140 -0.711513
vn 0.275310 -0.295895 -0.914686
vn 0.189805 0.079397 -0.978606
vn 0.075403 0.442601 -0.893543
vn -0.050477 0.738424 -0.672445
vn -0.168673 0.921828 -0.348974
vn -0.261190 0.964892 0.027625
vn -0.459085 0.818779 0.344735
vn -0.455879 0.593487 0.663286
vn -0.383269 0.277842 0.880857
vn -0.252310 -0.080101 0.964325
vn -0.082939 -0.425850 0.900984
vn 0.099058 -0.706767 0.700476
vn 0.265975 -0.880086 0.393327
vn 0.392400 -0.919419 0.026298
vn 0.459085 -0.818779 -0.344735
vn 0.455879 -0.593487 -0.663286
vn 0.383269 -0.277842 -0.880857
vn 0.252310 0.080101 -0.964325
vn 0.082939 0.425850 -0.900984
vn -0.099058 0.706767 -0.700476
vn -0.265975 0.880086 -0.393327
vn -0.392400 0.919419 -0.026298
vn -0.592513 0.751102 0.291159
vn -0.580806 0.533524 0.614831
vn -0.480676 0.234722 0.844900
vn -0.307367 -0.099815 0.946342
vn -0.087265 -0.419156 0.903711
vn 0.146123 -0.674684 0.723498
vn 0.357264 -0.827498 0.433140
vn 0.514016 -0.854332 0.076840
vn 0.592513 -0.751102 -0.291159
vn 0.580806 -0.533524 -0.614831
vn 0.480676 -0.234722 -0.844900
vn 0.307367 0.099815 -0.946342
vn 0.087265 0.419156 -0.903711
vn -0.146123 0.674684 -0.723498
vn -0.357264 0.827498 -0.433140
vn -0.514016 0.854332 -0.076840
vn -0.711017 0.661178 0.239372
vn -0.689948 0.450137 0.566876
vn -0.563841 0.170567 0.808078
vn -0.351894 -0.134971 0.926258
vn -0.086375 -0.419960 0.903423
vn 0.192294 -0.641014 0.743050
vn 0.441688 -0.764480 0.469555
vn 0.623839 -0.771561 0.124574
vn 0.711017 -0.661178 -0.239372
vn 0.689948 -0.450137 -0.566876
vn 0.563841 -0.170567 -0.808078
vn 0.351894 0.134971 -0.926258
vn 0.086375 0.419960 -0.903423
vn -0.192294 0.641014 -0.743050
vn -0.441688 0.764480 -0.469555
vn -0.623839 0.771561 -0.124574
vn -0.811859 0.552325 0.189267
vn -0.780408 0.347456 0.519844
vn -0.630147 0.089690 0.771278
vn -0.383952 -0.181730 0.905293
vn -0.079304 -0.425484 0.901484
vn 0.237417 -0.604462 0.760434
vn 0.517994 -0.691415 0.503613
vn 0.719711 -0.673107 0.170123
vn 0.811859 -0.552325 -0.189267
vn 0.780408 -0.347456 -0.519844
vn 0.630147 -0.089690 -0.771278
vn 0.383952 0.181730 -0.905293
vn 0.079304 0.425484 -0.901484
vn -0.237417 0.604462 -0.760434
vn -0.517994 0.691415 -0.503613
vn -0.719711 0.673107 -0.170123
vn -0.892755 0.428039 0.140611
vn -0.850069 0.229740 0.473922
vn -0.677968 -0.003535 0.735083
vn -0.402652 -0.236272 0.884334
vn -0.066037 -0.433038 0.898953
vn 0.280633 -0.563879 0.776715
vn 0.584578 -0.608874 0.536229
vn 0.799527 -0.561173 0.214107
vn 0.892755 -0.428039 -0.140611
vn 0.850069 -0.229740 -0.473922
vn 0.677968 0.003535 -0.735083
vn 0.402652 0.236272 -0.884334
vn 0.066037 0.433038 -0.898953
vn -0.280633 0.563879 -0.776715
vn -0.584578 0.608874 -0.536229
vn -0.799527 0.561173 -0.214107
vn -0.951881 0.291988 0.093091
vn -0.897550 0.101276 0.429124
vn -0.706576 -0.104855 0.699826
vn -0.408031 -0.295023 0.863986
vn -0.047368 -0.440276 0.896612
vn 0.320507 -0.518501 0.792737
vn 0.639587 -0.517789 0.568175
vn 0.861296 -0.438248 0.257114
vn 0.951881 -0.291988 -0.093091
vn 0.897550 -0.101276 -0.429124
vn 0.706576 0.104855 -0.699826
vn 0.408031 0.295023 -0.863986
vn 0.047368 0.440276 -0.896612
vn -0.320507 0.518501 -0.792737
vn -0.639587 0.517789 -0.568175
vn -0.861296 0.438248 -0.257114
vn -0.987901 0.147995 0.046348
vn -0.922166 -0.033710 0.385322
vn -0.716040 -0.210284 0.665633
vn -0.400903 -0.354844 0.844608
vn -0.024732 -0.445382 0.894999
vn 0.355204 -0.468114 0.809135
vn 0.681064 -0.419581 0.600087
vn 0.903237 -0.307170 0.299681
vn 0.987901 -0.147995 -0.046348
vn 0.922166 0.033710 -0.385322
vn 0.716040 0.210284 -0.665633
vn 0.400903 0.354844 -0.844608
vn 0.024732 0.445382 -0.894999
vn -0.355204 0.468114 -0.809135
vn -0.681064 0.419581 -0.600087
vn -0.903237 0.307170 -0.299681
f 1//1 17//17 18//18 2//2
f 2//2 18//18 19//19 3//3
f 3//3 19//19 20//20 4//4
f 4//4 20//20 21//21 5//5
f 5//5 21//21 22//22 6//6
f 6//6 22//22 23//23 7//7
f 7//7 23//23 24//24 8//8
f 8//8 24//24 25//25 9//9
f 9//9 25//25 26//26 10//10
f 10//10 26//26 27//27 11//11
f 11//11 27//27 28//28 12//12
f 12//12 28//28 29//29 13//13
f 13//13 29//29 30//30 14//14
f 14//14 30//30 31//31 15//15
f 15//15 31//31 32//32 16//16
f 16//16 32//32 17//17 1//1
f 17//17 33//33 34//34 18//18
f 18//18 34//34 35//35 19//19
f 19//19 35//35 36//36 20//20
f 20//20 36//36 37//37 21//21
f 21//21 37//37 38//38 22//22
f 22//22 38//38 39//39 23//23
f 23//23 39//39 40//40 24//24
f 24//24 40//40 41//41 25//25
f 25//25 41//41 42//42 26//26
f 26//26 42//42 43//43 27//27
f 27//27 43//43 44//44 28//28
f 28//28 44//44 45//45 29//29
f 29//29 45//45 46//46 30//30
f 30//30 46//46 47//47 31//31
f 31//31 47//47 48//48 32//32
f 32//32 48//48 33//33 17//17
f 33//33 49//49 50//50 34//34
f 34//34 50//50 51//51 35//35
f 35//35 51//51 52//52 36//36
f 36//36 52//52 53//53 37//37
f 37//37 53//53 54//54 38//38
f 38//38 54//54 55//55 39//39
f 39//39 55//55 56//56 40//40
f 40//40 56//56 57//57 41//41
f 41//41 57//57 58//58 42//42
f 42//42 58//58 59//59 43//43
f 43//43 59//59 60//60 44//44
f 44//44 60//60 61//61 45//45
f 45//45 61//61 62//62 46//46
f 46//46 62//62 63//63 47//47
f 47//47 63//63 64//64 48//48
f 48//48 64//64 49//49 33//33
f 49//49 65//65 66//66 50//50
f 50//50 66//66 67//67 51//51
f 51//51 67//67 68//68 52//52
f 52//52 68//68 69//69 53//53
f 53//53 69//69 70//70 54//54
f 54//54 70//70 71//71 55//55
f 55//55 71//71 72//72 56//56
f 56//56 72//72 73//73 57//57
f 57//57 73//73 74//74 58//58
f 58//58 74//74 75//75 59//59
f 59//59 75//75 76//76 60//60
f 60//60 76//76 77//77 61//61
f 61//61 77//77 78//78 62//62
f 62//62 78//78 79//79 63//63
f 63//63 79//79 80//80 64//64
f 64//64 80//80 65//65 49//49
f 65//65 81//81 82//82 66//66
f 66//66 82//82 83//83 67//67
f 67//67 83//83 84//84 68//68
f 68//68 84//84 85//85 69//69
f 69//69 85//85 86//86 70//70
f 70//70 86//86 87//87 71//71
f 71//71 87//87 88//88 72//72
f 72//72 88//88 89//89 73//73
f 73//73 89//89 90//90 74//74
f 74//74 90//90 91//91 75//75
f 75//75 91//91 92//92 76//76
f 76//76 92//92 93//93 77//77
f 77//77 93//93 94//94 78//78
f 78//78 94//94 95//95 79//79
f 79//79 95//95 96//96 80//80
f 80//80 96//96 81//81 65//65
f 81//81 97//97 98//98 82//82
f 82//82 98//98 99//99 83//83
f 83//83 99//99 100//100 84//84
f 84//84 100//100 101//101 85//85
f 85//85 101//101 102//102 86//86
f 86//86 102//102 103//103 87//87
f 87//87 103//103 104//104 88//88
f 88//88 104//104 105//105 89//89
f 89//89 105//105 106//106 90//90
f 90//90 106//106 107//107 91//91
f 91//91 107//107 108//108 92//92
f 92//92 108//108 109//109 93//93
f 93//93 109//109 110//110 94//94
f 94//94 110//110 111//111 95//95
f 95//95 111//111 112//112 96//96
f 96//96 112//112 97//97 81//81
f 97//97 113//113 114//114 98//98
f 98//98 114//114 115//115 99//99
f 99//99 115//115 116//116 100//100
f 100//100 116//116 117//117 101//101
f 101//101 117//117 118//118 102//102
f 102//102 118//118 119//119 103//103
f 103//103 119//119 120//120 104//104
f 104//104 120//120 121//121 105//105
f 105//105 121//121 122//122 106//106
f 106//106 122//122 123//123 107//107
f 107//107 123//123 124//124 108//108
f 108//108 124//124 125//125 109//109
f 109//109 125//125 126//126 110//110
f 110//110 126//126 127//127 111//111
f 111//111 127//127 128//128 112//112
f 112//112 128//128 113//113 97//97
f 113//113 129//129 130//130 114//114
f 114//114 130//130 131//131 115//115
f 115//115 131//131 132//132 116//116
f 116//116 132//132 133//133 117//117
f 117//117 133//133 134//134 118//118
f 118//118 134//134 135//135 119//119
f 119//119 135//135 136//136 120//120
f 120//120 136//136 137//137 121//121
f 121//121 137//137 138//138 122//122
f 122//122 138//138 139//139 123//123
f 123//123 139//139 140//140 124//124
f 124//124 140//140 141//141 125//125
f 125//125 141//141 142//142 126//126
f 126//126 142//142 143//143 127//127
f 127//127 143//143 144//144 128//128
f 128//128 144//144 129//129 113//113
f 129//129 145//145 146//146 130//130
f 130//130 146//146 147//147 131//131
f 131//131 147//147 148//148 132//132
f 132//132 148//148 149//149 133//133
f 133//133 149//149 150//150 134//134
f 134//134 150//150 151//151 135//135
f 135//135 151//151 152//152 136//136
f 136//136 152//152 153//153 137//137
f 137//137 153//153 154//154 138//138
f 138//138 154//154 155//155 139//139
f 139//139 155//155 156//156 140//140
f 140//140 156//156 157//157 141//141
f 141//141 157//157 158//158 142//142
f 142//142 158//158 159//159 143//143
f 143//143 159//159 160//160 144//144
f 144//144 160//160 145//145 129//129
f 145//145 161//161 162//162 146//146
f 146//146 162//162 163//163 147//147
f 147//147 163//163 164//164 148//148
f 148//148 164//164 165//165 149//149
f 149//149 165//165 166//166 150//150
f 150//150 166//166 167//167 151//151
f 151//151 167//167 168//168 152//152
f 152//152 168//168 169//169 153//153
f 153//153 169//169 170//170 154//154
f 154//154 170//170 171//171 155//155
f 155//155 171//171 172//172 156//156
f 156//156 172//172 173//173 157//157
f 157//157 173//173 174//174 158//158
f 158//158 174//174 175//175 159//159
f 159//159 175//175 176//176 160//160
f 160//160 176//176 161//161 145//145
f 161//161 177//177 178//178 162//162
f 162//162 178//178 179//179 163//163
f 163//163 179//179 180//180 164//164
f 164//164 180//180 181//181 165//165
f 165//165 181//181 182//182 166//166
f 166//166 182//182 183//183 167//167
f 167//167 183//183 184//184 168//168
f 168//168 184//184 185//185 169//169
f 169//169 185//185 186//186 170//170
f 170//170 186//186 187//187 171//171
f 171//171 187//187 188//188 172//172
f 172//172 188//188 189//189 173//173
f 173//173 189//189 190//190 174//174
f 174//174 190//190 191//191 175//175
f 175//175 191//191 192//192 176//176
f 176//176 192//192 177//177 161//161
f 177//177 193//193 194//194 178//178
f 178//178 194//194 195//195 179//179
f 179//179 195//195 196//196 180//180
f 180//180 196//196 197//197 181//181
f 181//181 197//197 198//198 182//182
f 182//182 198//198 199//199 183//183
f 183//183 199//199 200//200 184//184
f 184//184 200//200 201//201 185//185
f 185//185 201//201 202//202 186//186
f 186//186 202//202 203//203 187//187
f 187//187 203//203 204//204 188//188
f 188//188 204//204 205//205 189//189
f 189//189 205//205 206//206 190//190
f 190//190 206//206 207//207 191//191
f 191//191 207//207 208//208 192//192
f 192//192 208//208 193//193 177//177
f 193//193 209//209 210//210 194//194
f 194//194 210//210 211//211 195//195
f 195//195 211//211 212//212 196//196
f 196//196 212//212 213//213 197//197
f 197//197 213//213 214//214 198//198
f 198//198 214//214 215//215 199//199
f 199//199 215//215 216//216 200//200
f 200//200 216//216 217//217 201//201
f 201//201 217//217 218//218 202//202
f 202//202 218//218 219//219 203//203
f 203//203 219//219 220//220 204//204
f 204//204 220//220 221//221 205//205
f 205//205 221//221 222//222 206//206
f 206//206 222//222 223//223 207//207
f 207//207 223//223 224//224 208//208
f 208//208 224//224 209//209 193//193
f 209//209 225//225 226//226 210//210
f 210//210 226//226 227//227 211//211
f 211//211 227//227 228//228 212//212
f 212//212 228//228 229//229 213//213
f 213//213 229//229 230//230 214//214
f 214//214 230//230 231//231 215//215
f 215//215 231//231 232//232 216//216
f 216//216 232//232 233//233 217//217
f 217//217 233//233 234//234 218//218
f 218//218 234//234 235//235 219//219
f 219//219 235//235 236//236 220//220
f 220//220 236//236 237//237 221//221
f 221//221 237//237 238//238 222//222
f 222//222 238//238 239//239 223//223
f 223//223 239//239 240//240 224//224
f 224//224 240//240 225//225 209//209
f 225//225 241//241 242//242 226//226
f 226//226 242//242 243//243 227//227
f 227//227 243//243 244//244 228//228
f 228//228 244//244 245//245 229//229
f 229//229 245//245 246//246 230//230
f 230//230 246//246 247//247 231//231
f 231//231 247//247 248//248 232//232
f 232//232 248//248 249//249 233//233
f 233//233 249//249 250//250 234//234
f 234//234 250//250 251//251 235//235
f 235//235 251//251 252//252 236//236
f 236//236 252//252 253//253 237//237
f 237//237 253//253 254//254 238//238
f 238//238 254//254 255//255 239//239
f 239//239 255//255 256//256 240//240
f 240//240 256//256 241//241 225//225
f 241//241 257//257 258//258 242//242
f 242//242 258//258 259//259 243//243
f 243//243 259//259 260//260 244//244
f 244//244 260//260 261//261 245//245
f 245//245 261//261 262//262 246//246
f 246//246 262//262 263//263 247//247
f 247//247 263//263 264//264 248//248
f 248//248 264//264 265//265 249//249
f 249//249 265//265 266//266 250//250
f 250//250 266//266 267//267 251//251
f 251//251 267//267 268//268 252//252
f 252//252 268//268 269//269 253//253
f 253//253 269//269 270//270 254//254
f 254//254 270//270 271//271 255//255
f 255//255 271//271 272//272 256//256
f 256//256 272//272 257//257 241//241
f 257//257 273//273 274//274 258//258
f 258//258 274//274 275//275 259//259
f 259//259 275//275 276//276 260//260
f 260//260 276//276 277//277 261//261
f 261//261 277//277 278//278 262//262
f 262//262 278//278 279//279 263//263
f 263//263 279//279 280//280 264//264
f 264//264 280//280 281//281 265//265
f 265//265 281//281 282//282 266//266
f 266//266 282//282 283//283 267//267
f 267//267 283//283 284//284 268//268
f 268//268 284//284 285//285 269//269
f 269//269 285//285 286//286 270//270
f 270//270 286//286 287//287 271//271
f 271//271 287//287 288//288 272//272
f 272//272 288//288 273//273 257//257
f 273//273 289//289 290//290 274//274
f 274//274 290//290 291//291 275//275
f 275//275 291//291 292//292 276//276
f 276//276 292//292 293//293 277//277
f 277//277 293//293 294//294 278//278
f 278//278 294//294 295//295 279//279
f 279//279 295//295 296//296 280//280
f 280//280 296//296 297//297 281//281
f 281//281 297//297 298//298 282//282
f 282//282 298//298 299//299 283//283
f 283//283 299//299 300//300 284//284
f 284//284 300//300 301//301 285//285
f 285//285 301//301 302//302 286//286
f 286//286 302//302 303//303 287//287
f 287//287 303//303 304//304 288//288
f 288//288 304//304 289//289 273//273
f 289//289 305//305 306//306 290//290
f 290//290 306//306 307//307 291//291
f 291//291 307//307 308//308 292//292
f 292//292 308//308 309//309 293//293
f 293//293 309//309 310//310 294//294
f 294//294 310//310 311//311 295//295
f 295//295 311//311 312//312 296//296
f 296//296 312//312 313//313 297//297
f 297//297 313//313 314//314 298//298
f 298//298 314//314 315//315 299//299
f 299//299 315//315 316//316 300//300
f 300//300 316//316 317//317 301//301
f 301//301 317//317 318//318 302//302
f 302//302 318//318 319//319 303//303
f 303//303 319//319 320//320 304//304
f 304//304 320//320 305//305 289//289
f 305//305 321//321 322//322 306//306
f 306//306 322//322 323//323 307//307
f 307//307 323//323 324//324 308//308
f 308//308 324//324 325//325 309//309
f 309//309 325//325 326//326 310//310
f 310//310 326//326 327//327 311//311
f 311//311 327//327 328//328 312//312
f 312//312 328//328 329//329 313//313
f 313//313 329//329 330//330 314//314
f 314//314 330//330 331//331 315//315
f 315//315 331//331 332//332 316//316
f 316//316 332//332 333//333 317//317
f 317//317 333//333 334//334 318//318
f 318//318 334//334 335//335 319//319
f 319//319 335//335 336//336 320//320
f 320//320 336//336 321//321 305//305
f 321//321 337//337 338//338 322//322
f 322//322 338//338 339//339 323//323
f 323//323 339//339 340//340 324//324
f 324//324 340//340 341//341 325//325
f 325//325 341//341 342//342 326//326
f 326//326 342//342 343//343 327//327
f 327//327 343//343 344//344 328//328
f 328//328 344//344 345//345 329//329
f 329//329 345//345 346//346 330//330
f 330//330 346//346 347//347 331//331
f 331//331 347//347 348//348 332//332
f 332//332 348//348 349//349 333//333
f 333//333 349//349 350//350 334//334
f 334//334 350//350 351//351 335//335
f 335//335 351//351 352//352 336//336
f 336//336 352//352 337//337 321//321
f 337//337 353//353 354//354 338//338
f 338//338 354//354 355//355 339//339
f 339//339 355//355 356//356 340//340
f 340//340 356//356 357//357 341//341
f 341//341 357//357 358//358 342//342
f 342//342 358//358 359//359 343//343
f 343//343 359//359 360//360 344//344
f 344//344 360//360 361//361 345//345
f 345//345 361//361 362//362 346//346
f 346//346 362//362 363//363 347//347
f 347//347 363//363 364//364 348//348
f 348//348 364//364 365//365 349//349
f 349//349 365//365 366//366 350//350
f 350//350 366//366 367//367 351//351
f 351//351 367//367 368//368 352//352
f 352//352 368//368 353//353 337//337
f 353//353 369//369 370//370 354//354
f 354//354 370//370 371//371 355//355
f 355//355 371//371 372//372 356//356
f 356//356 372//372 373//373 357//357
f 357//357 373//373 374//374 358//358
f 358//358 374//374 375//375 359//359
f 359//359 375//375 376//376 360//360
f 360//360 376//376 377//377 361//361
f 361//361 377//377 378//378 362//362
f 362//362 378//378 379//379 363//363
f 363//363 379//379 380//380 364//364
f 364//364 380//380 381//381 365//365
f 365//365 381//381 382//382 366//366
f 366//366 382//382 383//383 367//367
f 367//367 383//383 384//384 368//368
f 368//368 384//384 369//369 353//353
f 369//369 385//385 386//386 370//370
f 370//370 386//386 387//387 371//371
f 371//371 387//387 388//388 372//372
f 372//372 388//388 389//389 373//373
f 373//373 389//389 390//390 374//374
f 374//374 390//390 391//391 375//375
f 375//375 391//391 392//392 376//376
f 376//376 392//392 393//393 377//377
f 377//377 393//393 394//394 378//378
f 378//378 394//394 395//395 379//379
f 379//379 395//395 396//396 380//380
f 380//380 396//396 397//397 381//381
f 381//381 397//397 398//398 382//382
f 382//382 398//398 399//399 383//383
f 383//383 399//399 400//400 384//384
f 384//384 400//400 385//385 369//369
f 385//385 401//401 402//402 386//386
f 386//386 402//402 403//403 387//387
f 387//387 403//403 404//404 388//388
f 388//388 404//404 405//405 389//389
f 389//389 405//405 406//406 390//390
f 390//390 406//406 407//407 391//391
f 391//391 407//407 408//408 392//392
f 392//392 408//408 409//409 393//393
f 393//393 409//409 410//410 394//394
f 394//394 410//410 411//411 395//395
f 395//395 411//411 412//412 396//396
f 396//396 412//412 413//413 397//397
f 397//397 413//413 414//414 398//398
f 398//398 414//414 415//415 399//399
f 399//399 415//415 416//416 400//400
f 400//400 416//416 401//401 385//385
f 401//401 417//417 418//418 402//402
f 402//402 418//418 419//419 403//403
f 403//403 419//419 420//420 404//404
f 404//404 420//420 421//421 405//405
f 405//405 421//421 422//422 406//406
f 406//406 422//422 423//423 407//407
f 407//407 423//423 424//424 408//408
f 408//408 424//424 425//425 409//409
f 409//409 425//425 426//426 410//410
f 410//410 426//426 427//427 411//411
f 411//411 427//427 428//428 412//412
f 412//412 428//428 429//429 413//413
f 413//413 429//429 430//430 414//414
f 414//414 430//430 431//431 415//415
f 415//415 431//431 432//432 416//416
f 416//416 432//432 417//417 401//401
f 417//417 433//433 434//434 418//418
f 418//418 434//434 435//435 419//419
f 419//419 435//435 436//436 420//420
f 420//420 436//436 437//437 421//421
f 421//421 437//437 438//438 422//422
f 422//422 438//438 439//439 423//423
f 423//423 439//439 440//440 424//424
f 424//424 440//440 441//441 425//425
f 425//425 441//441 442//442 426//426
f 426//426 442//442 443//443 427//427
f 427//427 443//443 444//444 428//428
f 428//428 444//444 445//445 429//429
f 429//429 445//445 446//446 430//430
f 430//430 446//446 447//447 431//431
f 431//431 447//447 448//448 432//432
f 432//432 448//448 433//433 417//417
f 433//433 449//449 450//450 434//434
f 434//434 450//450 451//451 435//435
f 435//435 451//451 452//452 436//436
f 436//436 452//452 453//453 437//437
f 437//437 453//453 454//454 438//438
f 438//438 454//454 455//455 439//439
f 439//439 455//455 456//456 440//440
f 440//440 456//456 457//457 441//441
f 441//441 457//457 458//458 442//442
f 442//442 458//458 459//459 443//443
f 443//443 459//459 460//460 444//444
f 444//444 460//460 461//461 445//445
f 445//445 461//461 462//462 446//446
f 446//446 462//462 463//463 447//447
f 447//447 463//463 464//464 448//448
f 448//448 464//464 449//449 433//433
f 449//449 465//465 466//466 450//450
f 450//450 466//466 467//467 451//451
f 451//451 467//467 468//468 452//452
f 452//452 468//468 469//469 453//453
f 453//453 469//469 470//470 454//454
f 454//454 470//470 471//471 455//455
f 455//455 471//471 472//472 456//456
f 456//456 472//472 473//473 457//457
f 457//457 473//473 474//474 458//458
f 458//458 474//474 475//475 459//459
f 459//459 475//475 476//476 460//460
f 460//460 476//476 477//477 461//461
f 461//461 477//477 478//478 462//462
f 462//462 478//478 479//479 463//463
f 463//463 479//479 480//480 464//464
f 464//464 480//480 465//465 449//449
f 465//465 481//481 482//482 466//466
f 466//466 482//482 483//483 467//467
f 467//467 483//483 484//484 468//468
f 468//468 484//484 485//485 469//469
f 469//469 485//485 486//486 470//470
f 470//470 486//486 487//487 471//471
f 471//471 487//487 488//488 472//472
f 472//472 488//488 489//489 473//473
f 473//473 489//489 490//490 474//474
f 474//474 490//490 491//491 475//475
f 475//475 491//491 492//492 476//476
f 476//476 492//492 493//493 477//477
f 477//477 493//493 494//494 478//478
f 478//478 494//494 495//495 479//479
f 479//479 495//495 496//496 480//480
f 480//480 496//496 481//481 465//465
f 481//481 497//497 498//498 482//482
f 482//482 498//498 499//499 483//483
f 483//483 499//499 500//500 484//484
f 484//484 500//500 501//501 485//485
f 485//485 501//501 502//502 486//486
f 486//486 502//502 503//503 487//487
f 487//487 503//503 504//504 488//488
f 488//488 504//504 505//505 489//489
f 489//489 505//505 506//506 490//490
f 490//490 506//506 507//507 491//491
f 491//491 507//507 508//508 492//492
f 492//492 508//508 509//509 493//493
f 493//493 509//509 510//510 494//494
f 494//494 510//510 511//511 495//495
f 495//495 511//511 512//512 496//496
f 496//496 512//512 497//497 481//481
f 497//497 513//513 514//514 498//498
f 498//498 514//514 515//515 499//499
f 499//499 515//515 516//516 500//500
f 500//500 516//516 517//517 501//501
f 501//501 517//517 518//518 502//502
f 502//502 518//518 519//519 503//503
f 503//503 519//519 520//520 504//504
f 504//504 520//520 521//521 505//505
f 505//505 521//521 522//522 506//506
f 506//506 522//522 523//523 507//507
f 507//507 523//523 524//524 508//508
f 508//508 524//524 525//525 509//509
f 509//509 525//525 526//526 510//510
f 510//510 526//526 527//527 511//511
f 511//511 527//527 528//528 512//512
f 512//512 528//528 513//513 497//497
f 513//513 529//529 530//530 514//514
f 514//514 530//530 531//531 515//515
f 515//515 531//531 532//532 516//516
f 516//516 532//532 533//533 517//517
f 517//517 533//533 534//534 518//518
f 518//518 534//534 535//535 519//519
f 519//519 535//535 536//536 520//520
f 520//520 536//536 537//537 521//521
f 521//521 537//537 538//538 522//522
f 522//522 538//538 539//539 523//523
f 523//523 539//539 540//540 524//524
f 524//524 540//540 541//541 525//525
f 525//525 541//541 542//542 526//526
f 526//526 542//542 543//543 527//527
f 527//527 543//543 544//544 528//528
f 528//528 544//544 529//529 513//513
f 529//529 545//545 546//546 530//530
f 530//530 546//546 547//547 531//531
f 531//531 547//547 548//548 532//532
f 532//532 548//548 549//549 533//533
f 533//533 549//549 550//550 534//534
f 534//534 550//550 551//551 535//535
f 535//535 551//551 552//552 536//536
f 536//536 552//552 553//553 537//537
f 537//537 553//553 554//554 538//538
f 538//538 554//554 555//555 539//539
f 539//539 555//555 556//556 540//540
f 540//540 556//556 557//557 541//541
f 541//541 557//557 558//558 542//542
f 542//542 558//558 559//559 543//543
f 543//543 559//559 560//560 544//544
f 544//544 560//560 545//545 529//529
f 545//545 561//561 562//562 546//546
f 546//546 562//562 563//563 547//547
f 547//547 563//563 564//564 548//548
f 548//548 564//564 565//565 549//549
f 549//549 565//565 566//566 550//550
f 550//550 566//566 567//567 551//551
f 551//551 567//567 568//568 552//552
f 552//552 568//568 569//569 553//553
f 553//553 569//569 570//570 554//554
f 554//554 570//570 571//571 555//555
f 555//555 571//571 572//572 556//556
f 556//556 572//572 573//573 557//557
f 557//557 573//573 574//574 558//558
f 558//558 574//574 575//575 559//559
f 559//559 575//575 576//576 560//560
f 560//560 576//576 561//561 545//545
f 561//561 577//577 578//578 562//562
f 562//562 578//578 579//579 563//563
f 563//563 579//579 580//580 564//564
f 564//564 580//580 581//581 565//565
f 565//565 581//581 582//582 566//566
f 566//566 582//582 583//583 567//567
f 567//567 583//583 584//584 568//568
f 568//568 584//584 585//585 569//569
f 569//569 585//585 586//586 570//570
f 570//570 586//586 587//587 571//571
f 571//571 587//587 588//588 572//572
f 572//572 588//588 589//589 573//573
f 573//573 589//589 590//590 574//574
f 574//574 590//590 591//591 575//575
f 575//575 591//591 592//592 576//576
f 576//576 592//592 577//577 561//561
f 577//577 593//593 594//594 578//578
f 578//578 594//594 595//595 579//579
f 579//579 595//595 596//596 580//580
f 580//580 596//596 597//597 581//581
f 581//581 597//597 598//598 582//582
f 582//582 598//598 599//599 583//583
f 583//583 599//599 600//600 584//584
f 584//584 600//600 601//601 585//585
f 585//585 601//601 602//602 586//586
f 586//586 602//602 603//603 587//587
f 587//587 603//603 604//604 588//588
f 588//588 604//604 605//605 589//589
f 589//589 605//605 606//606 590//590
f 590//590 606//606 607//607 591//591
f 591//591 607//607 608//608 592//592
f 592//592 608//608 593//593 577//577
f 593//593 609//609 610//610 594//594
f 594//594 610//610 611//611 595//595
f 595//595 611//611 612//612 596//596
f 596//596 612//612 613//613 597//597
f 597//597 613//613 614//614 598//598
f 598//598 614//614 615//615 599//599
f 599//599 615//615 616//616 600//600
f 600//600 616//616 617//617 601//601
f 601//601 617//617 618//618 602//602
f 602//602 618//618 619//619 603//603
f 603//603 619//619 620//620 604//604
f 604//604 620//620 621//621 605//605
f 605//605 621//621 622//622 606//606
f 606//606 622//622 623//623 607//607
f 607//607 623//623 624//624 608//608
f 608//608 624//624 609//609 593//593
f 609//609 625//625 626//626 610//610
f 610//610 626//626 627//627 611//611
f 611//611 627//627 628//628 612//612
f 612//612 628//628 629//629 613//613
f 613//613 629//629 630//630 614//614
f 614//614 630//630 631//631 615//615
f 615//615 631//631 632//632 616//616
f 616//616 632//632 633//633 617//617
f 617//617 633//633 634//634 618//618
f 618//618 634//634 635//635 619//619
f 619//619 635//635 636//636 620//620
f 620//620 636//636 637//637 621//621
f 621//621 637//637 638//638 622//622
f 622//622 638//638 639//639 623//623
f 623//623 639//639 640//640 624//624
f 624//624 640//640 625//625 609//609
f 625//625 641//641 642//642 626//626
f 626//626 642//642 643//643 627//627
f 627//627 643//643 644//644 628//628
f 628//628 644//644 645//645 629//629
f 629//629 645//645 646//646 630//630
f 630//630 646//646 647//647 631//631
f 631//631 647//647 648//648 632//632
f 632//632 648//648 649//649 633//633
f 633//633 649//649 650//650 634//634
f 634//634 650//650 651//651 635//635
f 635//635 651//651 652//652 636//636
f 636//636 652//652 653//653 637//637
f 637//637 653//653 654//654 638//638
f 638//638 654//654 655//655 639//639
f 639//639 655//655 656//656 640//640
f 640//640 656//656 641//641 625//625
f 641//641 657//657 658//658 642//642
f 642//642 658//658 659//659 643//643
f 643//643 659//659 660//660 644//644
f 644//644 660//660 661//661 645//645
f 645//645 661//661 662//662 646//646
f 646//646 662//662 663//663 647//647
f 647//647 663//663 664//664 648//648
f 648//648 664//664 665//665 649//649
f 649//649 665//665 666//666 650//650
f 650//650 666//666 667//667 651//651
f 651//651 667//667 668//668 652//652
f 652//652 668//668 669//669 653//653
f 653//653 669//669 670//670 654//654
f 654//654 670//670 671//671 655//655
f 655//655 671//671 672//672 656//656
f 656//656 672//672 657//657 641//641
f 657//657 673//673 674//674 658//658
f 658//658 674//674 675//675 659//659
f 659//659 675//675 676//676 660//660
f 660//660 676//676 677//677 661//661
f 661//661 677//677 678//678 662//662
f 662//662 678//678 679//679 663//663
f 663//663 679//679 680//680 664//664
f 664//664 680//680 681//681 665//665
f 665//665 681//681 682//682 666//666
f 666//666 682//682 683//683 667//667
f 667//667 683//683 684//684 668//668
f 668//668 684//684 685//685 669//669
f 669//669 685//685 686//686 670//670
f 670//670 686//686 687//687 671//671
f 671//671 687//687 688//688 672//672
f 672//672 688//688 673//673 657//657
f 673//673 689//689 690//690 674//674
f 674//674 690//690 691//691 675//675
f 675//675 691//691 692//692 676//676
f 676//676 692//692 693//693 677//677
f 677//677 693//693 694//694 678//678
f 678//678 694//694 695//695 679//679
f 679//679 695//695 696//696 680//680
f 680//680 696//696 697//697 681//681
f 681//681 697//697 698//698 682//682
f 682//682 698//698 699//699 683//683
f 683//683 699//699 700//700 684//684
f 684//684 700//700 701//701 685//685
f 685//685 701//701 702//702 686//686
f 686//686 702//702 703//703 687//687
f 687//687 703//703 704//704 688//688
f 688//688 704//704 689//689 673//673
f 689//689 705//705 706//706 690//690
f 690//690 706//706 707//707 691//691
f 691//691 707//707 708//708 692//692
f 692//692 708//708 709//709 693//693
f 693//693 709//709 710//710 694//694
f 694//694 710//710 711//711 695//695
f 695//695 711//711 712//712 696//696
f 696//696 712//712 713//713 697//697
f 697//697 713//713 714//714 698//698
f 698//698 714//714 715//715 699//699
f 699//699 715//715 716//716 700//700
f 700//700 716//716 717//717 701//701
f 701//701 717//717 718//718 702//702
f 702//702 718//718 719//719 703//703
f 703//703 719//719 720//720 704//704
f 704//704 720//720 705//705 689//689
f 705//705 721//721 722//722 706//706
f 706//706 722//722 723//723 707//707
f 707//707 723//723 724//724 708//708
f 708//708 724//724 725//725 709//709
f 709//709 725//725 726//726 710//710
f 710//710 726//726 727//727 711//711
f 711//711 727//727 728//728 712//712
f 712//712 728//728 729//729 713//713
f 713//713 729//729 730//730 714//714
f 714//714 730//730 731//731 715//715
f 715//715 731//731 732//732 716//716
f 716//716 732//732 733//733 717//717
f 717//717 733//733 734//734 718//718
f 718//718 734//734 735//735 719//719
f 719//719 735//735 736//736 720//720
f 720//720 736//736 721//721 705//705
f 721//721 737//737 738//738 722//722
f 722//722 738//738 739//739 723//723
f 723//723 739//739 740//740 724//724
f 724//724 740//740 741//741 725//725
f 725//725 741//741 742//742 726//726
f 726//726 742//742 743//743 727//727
f 727//727 743//743 744//744 728//728
f 728//728 744//744 745//745 729//729
f 729//729 745//745 746//746 730//730
f 730//730 746//746 747//747 731//731
f 731//731 747//747 748//748 732//732
f 732//732 748//748 749//749 733//733
f 733//733 749//749 750//750 734//734
f 734//734 750//750 751//751 735//735
f 735//735 751//751 752//752 736//736
f 736//736 752//752 737//737 721//721
f 737//737 753//753 754//754 738//738
f 738//738 754//754 755//755 739//739
f 739//739 755//755 756//756 740//740
f 740//740 756//756 757//757 741//741
f 741//741 757//757 758//758 742//742
f 742//742 758//758 759//759 743//743
f 743//743 759//759 760//760 744//744
f 744//744 760//760 761//761 745//745
f 745//745 761//761 762//762 746//746
f 746//746 762//762 763//763 747//747
f 747//747 763//763 764//764 748//748
f 748//748 764//764 765//765 749//749
f 749//749 765//765 766//766 750//750
f 750//750 766//766 767//767 751//751
f 751//751 767//767 768//768 752//752
f 752//752 768//768 753//753 737//737
f 753//753 769//769 770//770 754//754
f 754//754 770//770 771//771 755//755
f 755//755 771//771 772//772 756//756
f 756//756 772//772 773//773 757//757
f 757//757 773//773 774//774 758//758
f 758//758 774//774 775//775 759//759
f 759//759 775//775 776//776 760//760
f 760//760 776//776 777//777 761//761
f 761//761 777//777 778//778 762//762
f 762//762 778//778 779//779 763//763
f 763//763 779//779 780//780 764//764
f 764//764 780//780 781//781 765//765
f 765//765 781//781 782//782 766//766
f 766//766 782//782 783//783 767//767
f 767//767 783//783 784//784 768//768
f 768//768 784//784 769//769 753//753
f 769//769 785//785 786//786 770//770
f 770//770 786//786 787//787 771//771
f 771//771 787//787 788//788 772//772
f 772//772 788//788 789//789 773//773
f 773//773 789//789 790//790 774//774
f 774//774 790//790 791//791 775//775
f 775//775 791//791 792//792 776//776
f 776//776 792//792 793//793 777//777
f 777//777 793//793 794//794 778//778
f 778//778 794//794 795//795 779//779
f 779//779 795//795 796//796 780//780
f 780//780 796//796 797//797 781//781
f 781//781 797//797 798//798 782//782
f 782//782 798//798 799//799 783//783
f 783//783 799//799 800//800 784//784
f 784//784 800//800 785//785 769//769
f 785//785 801//801 802//802 786//786
f 786//786 802//802 803//803 787//787
f 787//787 803//803 804//804 788//788
f 788//788 804//804 805//805 789//789
f 789//789 805//805 806//806 790//790
f 790//790 806//806 807//807 791//791
f 791//791 807//807 808//808 792//792
f 792//792 808//808 809//809 793//793
f 793//793 809//809 810//810 794//794
f 794//794 810//810 811//811 795//795
f 795//795 811//811 812//812 796//796
f 796//796 812//812 813//813 797//797
f 797//797 813//813 814//814 798//798
f 798//798 814//814 815//815 799//799
f 799//799 815//815 816//816 800//800
f 800//800 816//816 801//801 785//785
f 801//801 817//817 818//818 802//802
f 802//802 818//818 819//819 803//803
f 803//803 819//819 820//820 804//804
f 804//804 820//820 821//821 805//805
f 805//805 821//821 822//822 806//806
f 806//806 822//822 823//823 807//807
f 807//807 823//823 824//824 808//808
f 808//808 824//824 825//825 809//809
f 809//809 825//825 826//826 810//810
f 810//810 826//826 827//827 811//811
f 811//811 827//827 828//828 812//812
f 812//812 828//828 829//829 813//813
f 813//813 829//829 830//830 814//814
f 814//814 830//830 831//831 815//815
f 815//815 831//831 832//832 816//816
f 816//816 832//832 817//817 801//801
f 817//817 833//833 834//834 818//818
f 818//818 834//834 835//835 819//819
f 819//819 835//835 836//836 820//820
f 820//820 836//836 837//837 821//821
f 821//821 837//837 838//838 822//822
f 822//822 838//838 839//839 823//823
f 823//823 839//839 840//840 824//824
f 824//824 840//840 841//841 825//825
f 825//825 841//841 842//842 826//826
f 826//826 842//842 843//843 827//827
f 827//827 843//843 844//844 828//828
f 828//828 844//844 845//845 829//829
f 829//829 845//845 846//846 830//830
f 830//830 846//846 847//847 831//831
f 831//831 847//847 848//848 832//832
f 832//832 848//848 833//833 817//817
f 833//833 849//849 850//850 834//834
f 834//834 850//850 851//851 835//835
f 835//835 851//851 852//852 836//836
f 836//836 852//852 853//853 837//837
f 837//837 853//853 854//854 838//838
f 838//838 854//854 855//855 839//839
f 839//839 855//855 856//856 840//840
f 840//840 856//856 857//857 841//841
f 841//841 857//857 858//858 842//842
f 842//842 858//858 859//859 843//843
f 843//843 859//859 860//860 844//844
f 844//844 860//860 861//861 845//845
f 845//845 861//861 862//862 846//846
f 846//846 862//862 863//863 847//847
f 847//847 863//863 864//864 848//848
f 848//848 864//864 849//849 833//833
f 849//849 865//865 866//866 850//850
f 850//850 866//866 867//867 851//851
f 851//851 867//867 868//868 852//852
f 852//852 868//868 869//869 853//853
f 853//853 869//869 870//870 854//854
f 854//854 870//870 871//871 855//855
f 855//855 871//871 872//872 856//856
f 856//856 872//872 873//873 857//857
f 857//857 873//873 874//874 858//858
f 858//858 874//874 875//875 859//859
f 859//859 875//875 876//876 860//860
f 860//860 876//876 877//877 861//861
f 861//861 877//877 878//878 862//862
f 862//862 878//878 879//879 863//863
f 863//863 879//879 880//880 864//864
f 864//864 880//880 865//865 849//849
f 865//865 881//881 882//882 866//866
f 866//866 882//882 883//883 867//867
f 867//867 883//883 884//884 868//868
f 868//868 884//884 885//885 869//869
f 869//869 885//885 886//886 870//870
f 870//870 886//886 887//887 871//871
f 871//871 887//887 888//888 872//872
f 872//872 888//888 889//889 873//873
f 873//873 889//889 890//890 874//874
f 874//874 890//890 891//891 875//875
f 875//875 891//891 892//892 876//876
f 876//876 892//892 893//893 877//877
f 877//877 893//893 894//894 878//878
f 878//878 894//894 895//895 879//879
f 879//879 895//895 896//896 880//880
f 880//880 896//896 881//881 865//865
f 881//881 897//897 898//898 882//882
f 882//882 898//898 899//899 883//883
f 883//883 899//899 900//900 884//884
f 884//884 900//900 901//901 885//885
f 885//885 901//901 902//902 886//886
f 886//886 902//902 903//903 887//887
f 887//887 903//903 904//904 888//888
f 888//888 904//904 905//905 889//889
f 889//889 905//905 906//906 890//890
f 890//890 906//906 907//907 891//891
f 891//891 907//907 908//908 892//892
f 892//892 908//908 909//909 893//893
f 893//893 909//909 910//910 894//894
f 894//894 910//910 911//911 895//895
f 895//895 911//911 912//912 896//896
f 896//896 912//912 897//897 881//881
f 897//897 913//913 914//914 898//898
f 898//898 914//914 915//915 899//899
f 899//899 915//915 916//916 900//900
f 900//900 916//916 917//917 901//901
f 901//901 917//917 918//918 902//902
f 902//902 918//918 919//919 903//903
f 903//903 919//919 920//920 904//904
f 904//904 920//920 921//921 905//905
f 905//905 921//921 922//922 906//906
f 906//906 922//922 923//923 907//907
f 907//907 923//923 924//924 908//908
f 908//908 924//924 925//925 909//909
f 909//909 925//925 926//926 910//910
f 910//910 926//926 927//927 911//911
f 911//911 927//927 928//928 912//912
f 912//912 928//928 913//913 897//897
f 913//913 929//929 930//930 914//914
f 914//914 930//930 931//931 915//915
f 915//915 931//931 932//932 916//916
f 916//916 932//932 933//933 917//917
f 917//917 933//933 934//934 918//918
f 918//918 934//934 935//935 919//919
f 919//919 935//935 936//936 920//920
f 920//920 936//936 937//937 921//921
f 921//921 937//937 938//938 922//922
f 922//922 938//938 939//939 923//923
f 923//923 939//939 940//940 924//924
f 924//924 940//940 941//941 925//925
f 925//925 941//941 942//942 926//926
f 926//926 942//942 943//943 927//927
f 927//927 943//943 944//944 928//928
f 928//928 944//944 929//929 913//913
f 929//929 945//945 946//946 930//930
f 930//930 946//946 947//947 931//931
f 931//931 947//947 948//948 932//932
f 932//932 948//948 949//949 933//933
f 933//933 949//949 950//950 934//934
f 934//934 950//950 951//951 935//935
f 935//935 951//951 952//952 936//936
f 936//936 952//952 953//953 937//937
f 937//937 953//953 954//954 938//938
f 938//938 954//954 955//955 939//939
f 939//939 955//955 956//956 940//940
f 940//940 956//956 957//957 941//941
f 941//941 957//957 958//958 942//942
f 942//942 958//958 959//959 943//943
f 943//943 959//959 960//960 944//944
f 944//944 960//960 945//945 929//929
f 945//945 961//961 962//962 946//946
f 946//946 962//962 963//963 947//947
f 947//947 963//963 964//964 948//948
f 948//948 964//964 965//965 949//949
f 949//949 965//965 966//966 950//950
f 950//950 966//966 967//967 951//951
f 951//951 967//967 968//968 952//952
f 952//952 968//968 969//969 953//953
f 953//953 969//969 970//970 954//954
f 954//954 970//970 971//971 955//955
f 955//955 971//971 972//972 956//956
f 956//956 972//972 973//973 957//957
f 957//957 973//973 974//974 958//958
f 958//958 974//974 975//975 959//959
f 959//959 975//975 976//976 960//960
f 960//960 976//976 961//961 945//945
f 961//961 977//977 978//978 962//962
f 962//962 978//978 979//979 963//963
f 963//963 979//979 980//980 964//964
f 964//964 980//980 981//981 965//965
f 965//965 981//981 982//982 966//966
f 966//966 982//982 983//983 967//967
f 967//967 983//983 984//984 968//968
f 968//968 984//984 985//985 969//969
f 969//969 985//985 986//986 970//970
f 970//970 986//986 987//987 971//971
f 971//971 987//987 988//988 972//972
f 972//972 988//988 989//989 973//973
f 973//973 989//989 990//990 974//974
f 974//974 990//990 991//991 975//975
f 975//975 991//991 992//992 976//976
f 976//976 992//992 977//977 961//961
f 977//977 993//993 994//994 978//978
f 978//978 994//994 995//995 979//979
f 979//979 995//995 996//996 980//980
f 980//980 996//996 997//997 981//981
f 981//981 997//997 998//998 982//982
f 982//982 998//998 999//999 983//983
f 983//983 999//999 1000//1000 984//984
f 984//984 1000//1000 1001//1001 985//985
f 985//985 1001//1001 1002//1002 986//986
f 986//986 1002//1002 1003//1003 987//987
f 987//987 1003//1003 1004//1004 988//988
f 988//988 1004//1004 1005//1005 989//989
f 989//989 1005//1005 1006//1006 990//990
f 990//990 1006//1006 1007//1007 991//991
f 991//991 1007//1007 1008//1008 992//992
f 992//992 1008//1008 993//993 977//977
f 993//993 1009//1009 1010//1010 994//994
f 994//994 1010//1010 1011//1011 995//995
f 995//995 1011//1011 1012//1012 996//996
f 996//996 1012//1012 1013//1013 997//997
f 997//997 1013//1013 1014//1014 998//998
f 998//998 1014//1014 1015//1015 999//999
f 999//999 1015//1015 1016//1016 1000//1000
f 1000//1000 1016//1016 1017//1017 1001//1001
f 1001//1001 1017//1017 1018//1018 1002//1002
f 1002//1002 1018//1018 1019//1019 1003//1003
f 1003//1003 1019//1019 1020//1020 1004//1004
f 1004//1004 1020//1020 1021//1021 1005//1005
f 1005//1005 1021//1021 1022//1022 1006//1006
f 1006//1006 1022//1022 1023//1023 1007//1007
f 1007//1007 1023//1023 1024//1024 1008//1008
f 1008//1008 1024//1024 1009//1009 993//993
f 1009//1009 1025//1025 1026//1026 1010//1010
f 1010//1010 1026//1026 1027//1027 1011//1011
f 1011//1011 1027//1027 1028//1028 1012//1012
f 1012//1012 1028//1028 1029//1029 1013//1013
f 1013//1013 1029//1029 1030//1030 1014//1014
f 1014//1014 1030//1030 1031//1031 1015//1015
f 1015//1015 1031//1031 1032//1032 1016//1016
f 1016//1016 1032//1032 1033//1033 1017//1017
f 1017//1017 1033//1033 1034//1034 1018//1018
f 1018//1018 1034//1034 1035//1035 1019//1019
f 1019//1019 1035//1035 1036//1036 1020//1020
f 1020//1020 1036//1036 1037//1037 1021//1021
f 1021//1021 1037//1037 1038//1038 1022//1022
f 1022//1022 1038//1038 1039//1039 1023//1023
f 1023//1023 1039//1039 1040//1040 1024//1024
f 1024//1024 1040//1040 1025//1025 1009//1009
f 1025//1025 1041//1041 1042//1042 1026//1026
f 1026//1026 1042//1042 1043//1043 1027//1027
f 1027//1027 1043//1043 1044//1044 1028//1028
f 1028//1028 1044//1044 1045//1045 1029//1029
f 1029//1029 1045//1045 1046//1046 1030//1030
f 1030//1030 1046//1046 1047//1047 1031//1031
f 1031//1031 1047//1047 1048//1048 1032//1032
f 1032//1032 1048//1048 1049//1049 1033//1033
f 1033//1033 1049//1049 1050//1050 1034//1034
f 1034//1034 1050//1050 1051//1051 1035//1035
f 1035//1035 1051//1051 1052//1052 1036//1036
f 1036//1036 1052//1052 1053//1053 1037//1037
f 1037//1037 1053//1053 1054//1054 1038//1038
f 1038//1038 1054//1054 1055//1055 1039//1039
f 1039//1039 1055//1055 1056//1056 1040//1040
f 1040//1040 1056//1056 1041//1041 1025//1025
f 1041//1041 1057//1057 1058//1058 1042//1042
f 1042//1042 1058//1058 1059//1059 1043//1043
f 1043//1043 1059//1059 1060//1060 1044//1044
f 1044//1044 1060//1060 1061//1061 1045//1045
f 1045//1045 1061//1061 1062//1062 1046//1046
f 1046//1046 1062//1062 1063//1063 1047//1047
f 1047//1047 1063//1063 1064//1064 1048//1048
f 1048//1048 1064//1064 1065//1065 1049//1049
f 1049//1049 1065//1065 1066//1066 1050//1050
f 1050//1050 1066//1066 1067//1067 1051//1051
f 1051//1051 1067//1067 1068//1068 1052//1052
f 1052//1052 1068//1068 1069//1069 1053//1053
f 1053//1053 1069//1069 1070//1070 1054//1054
f 1054//1054 1070//1070 1071//1071 1055//1055
f 1055//1055 1071//1071 1072//1072 1056//1056
f 1056//1056 1072//1072 1057//1057 1041//1041
f 1057//1057 1073//1073 1074//1074 1058//1058
f 1058//1058 1074//1074 1075//1075 1059//1059
f 1059//1059 1075//1075 1076//1076 1060//1060
f 1060//1060 1076//1076 1077//1077 1061//1061
f 1061//1061 1077//1077 1078//1078 1062//1062
f 1062//1062 1078//1078 1079//1079 1063//1063
f 1063//1063 1079//1079 1080//1080 1064//1064
f 1064//1064 1080//1080 1081//1081 1065//1065
f 1065//1065 1081//1081 1082//1082 1066//1066
f 1066//1066 1082//1082 1083//1083 1067//1067
f 1067//1067 1083//1083 1084//1084 1068//1068
f 1068//1068 1084//1084 1085//1085 1069//1069
f 1069//1069 1085//1085 1086//1086 1070//1070
f 1070//1070 1086//1086 1087//1087 1071//1071
f 1071//1071 1087//1087 1088//1088 1072//1072
f 1072//1072 1088//1088 1073//1073 1057//1057
f 1073//1073 1089//1089 1090//1090 1074//1074
f 1074//1074 1090//1090 1091//1091 1075//1075
f 1075//1075 1091//1091 1092//1092 1076//1076
f 1076//1076 1092//1092 1093//1093 1077//1077
f 1077//1077 1093//1093 1094//1094 1078//1078
f 1078//1078 1094//1094 1095//1095 1079//1079
f 1079//1079 1095//1095 1096//1096 1080//1080
f 1080//1080 1096//1096 1097//1097 1081//1081
f 1081//1081 1097//1097 1098//1098 1082//1082
f 1082//1082 1098//1098 1099//1099 1083//1083
f 1083//1083 1099//1099 1100//1100 1084//1084
f 1084//1084 1100//1100 1101//1101 1085//1085
f 1085//1085 1101//1101 1102//1102 1086//1086
f 1086//1086 1102//1102 1103//1103 1087//1087
f 1087//1087 1103//1103 1104//1104 1088//1088
f 1088//1088 1104//1104 1089//1089 1073//1073
f 1089//1089 1105//1105 1106//1106 1090//1090
f 1090//1090 1106//1106 1107//1107 1091//1091
f 1091//1091 1107//1107 1108//1108 1092//1092
f 1092//1092 1108//1108 1109//1109 1093//1093
f 1093//1093 1109//1109 1110//1110 1094//1094
f 1094//1094 1110//1110 1111//1111 1095//1095
f 1095//1095 1111//1111 1112//1112 1096//1096
f 1096//1096 1112//1112 1113//1113 1097//1097
f 1097//1097 1113//1113 1114//1114 1098//1098
f 1098//1098 1114//1114 1115//1115 1099//1099
f 1099//1099 1115//1115 1116//1116 1100//1100
f 1100//1100 1116//1116 1117//1117 1101//1101
f 1101//1101 1117//1117 1118//1118 1102//1102
f 1102//1102 1118//1118 1119//1119 1103//1103
f 1103//1103 1119//1119 1120//1120 1104//1104
f 1104//1104 1120//1120 1105//1105 1089//1089
f 1105//1105 1121//1121 1122//1122 1106//1106
f 1106//1106 1122//1122 1123//1123 1107//1107
f 1107//1107 1123//1123 1124//1124 1108//1108
f 1108//1108 1124//1124 1125//1125 1109//1109
f 1109//1109 1125//1125 1126//1126 1110//1110
f 1110//1110 1126//1126 1127//1127 1111//1111
f 1111//1111 1127//1127 1128//1128 1112//1112
f 1112//1112 1128//1128 1129//1129 1113//1113
f 1113//1113 1129//1129 1130//1130 1114//1114
f 1114//1114 1130//1130 1131//1131 1115//1115
f 1115//1115 1131//1131 1132//1132 1116//1116
f 1116//1116 1132//1132 1133//1133 1117//1117
f 1117//1117 1133//1133 1134//1134 1118//1118
f 1118//1118 1134//1134 1135//1135 1119//1119
f 1119//1119 1135//1135 1136//1136 1120//1120
f 1120//1120 1136//1136 1121//1121 1105//1105
f 1121//1121 1137//1137 1138//1138 1122//1122
f 1122//1122 1138//1138 1139//1139 1123//1123
f 1123//1123 1139//1139 1140//1140 1124//1124
f 1124//1124 1140//1140 1141//1141 1125//1125
f 1125//1125 1141//1141 1142//1142 1126//1126
f 1126//1126 1142//1142 1143//1143 1127//1127
f 1127//1127 1143//1143 1144//1144 1128//1128
f 1128//1128 1144//1144 1145//1145 1129//1129
f 1129//1129 1145//1145 1146//1146 1130//1130
f 1130//1130 1146//1146 1147//1147 1131//1131
f 1131//1131 1147//1147 1148//1148 1132//1132
f 1132//1132 1148//1148 1149//1149 1133//1133
f 1133//1133 1149//1149 1150//1150 1134//1134
f 1134//1134 1150//1150 1151//1151 1135//1135
f 1135//1135 1151//1151 1152//1152 1136//1136
f 1136//1136 1152//1152 1137//1137 1121//1121
f 1137//1137 1153//1153 1154//1154 1138//1138
f 1138//1138 1154//1154 1155//1155 1139//1139
f 1139//1139 1155//1155 1156//1156 1140//1140
f 1140//1140 1156//1156 1157//1157 1141//1141
f 1141//1141 1157//1157 1158//1158 1142//1142
f 1142//1142 1158//1158 1159//1159 1143//1143
f 1143//1143 1159//1159 1160//1160 1144//1144
f 1144//1144 1160//1160 1161//1161 1145//1145
f 1145//1145 1161//1161 1162//1162 1146//1146
f 1146//1146 1162//1162 1163//1163 1147//1147
f 1147//1147 1163//1163 1164//1164 1148//1148
f 1148//1148 1164//1164 1165//1165 1149//1149
f 1149//1149 1165//1165 1166//1166 1150//1150
f 1150//1150 1166//1166 1167//1167 1151//1151
f 1151//1151 1167//1167 1168//1168 1152//1152
f 1152//1152 1168//1168 1153//1153 1137//1137
f 1153//1153 1169//1169 1170//1170 1154//1154
f 1154//1154 1170//1170 1171//1171 1155//1155
f 1155//1155 1171//1171 1172//1172 1156//1156
f 1156//1156 1172//1172 1173//1173 1157//1157
f 1157//1157 1173//1173 1174//1174 1158//1158
f 1158//1158 1174//1174 1175//1175 1159//1159
f 1159//1159 1175//1175 1176//1176 1160//1160
f 1160//1160 1176//1176 1177//1177 1161//1161
f 1161//1161 1177//1177 1178//1178 1162//1162
f 1162//1162 1178//1178 1179//1179 1163//1163
f 1163//1163 1179//1179 1180//1180 1164//1164
f 1164//1164 1180//1180 1181//1181 1165//1165
f 1165//1165 1181//1181 1182//1182 1166//1166
f 1166//1166 1182//1182 1183//1183 1167//1167
f 1167//1167 1183//1183 1184//1184 1168//1168
f 1168//1168 1184//1184 1169//1169 1153//1153
f 1169//1169 1185//1185 1186//1186 1170//1170
f 1170//1170 1186//1186 1187//1187 1171//1171
f 1171//1171 1187//1187 1188//1188 1172//1172
f 1172//1172 1188//1188 1189//1189 1173//1173
f 1173//1173 1189//1189 1190//1190 1174//1174
f 1174//1174 1190//1190 1191//1191 1175//1175
f 1175//1175 1191//1191 1192//1192 1176//1176
f 1176//1176 1192//1192 1193//1193 1177//1177
f 1177//1177 1193//1193 1194//1194 1178//1178
f 1178//1178 1194//1194 1195//1195 1179//1179
f 1179//1179 1195//1195 1196//1196 1180//1180
f 1180//1180 1196//1196 1197//1197 1181//1181
f 1181//1181 1197//1197 1198//1198 1182//1182
f 1182//1182 1198//1198 1199//1199 1183//1183
f 1183//1183 1199//1199 1200//1200 1184//1184
f 1184//1184 1200//1200 1185//1185 1169//1169
f 1185//1185 1201//1201 1202//1202 1186//1186
f 1186//1186 1202//1202 1203//1203 1187//1187
f 1187//1187 1203//1203 1204//1204 1188//1188
f 1188//1188 1204//1204 1205//1205 1189//1189
f 1189//1189 1205//1205 1206//1206 1190//1190
f 1190//1190 1206//1206 1207//1207 1191//1191
f 1191//1191 1207//1207 1208//1208 1192//1192
f 1192//1192 1208//1208 1209//1209 1193//1193
f 1193//1193 1209//1209 1210//1210 1194//1194
f 1194//1194 1210//1210 1211//1211 1195//1195
f 1195//1195 1211//1211 1212//1212 1196//1196
f 1196//1196 1212//1212 1213//1213 1197//1197
f 1197//1197 1213//1213 1214//1214 1198//1198
f 1198//1198 1214//1214 1215//1215 1199//1199
f 1199//1199 1215//1215 1216//1216 1200//1200
f 1200//1200 1216//1216 1201//1201 1185//1185
f 1201//1201 1217//1217 1218//1218 1202//1202
f 1202//1202 1218//1218 1219//1219 1203//1203
f 1203//1203 1219//1219 1220//1220 1204//1204
f 1204//1204 1220//1220 1221//1221 1205//1205
f 1205//1205 1221//1221 1222//1222 1206//1206
f 1206//1206 1222//1222 1223//1223 1207//1207
f 1207//1207 1223//1223 1224//1224 1208//1208
f 1208//1208 1224//1224 1225//1225 1209//1209
f 1209//1209 1225//1225 1226//1226 1210//1210
f 1210//1210 1226//1226 1227//1227 1211//1211
f 1211//1211 1227//1227 1228//1228 1212//1212
f 1212//1212 1228//1228 1229//1229 1213//1213
f 1213//1213 1229//1229 1230//1230 1214//1214
f 1214//1214 1230//1230 1231//1231 1215//1215
f 1215//1215 1231//1231 1232//1232 1216//1216
f 1216//1216 1232//1232 1217//1217 1201//1201
f 1217//1217 1233//1233 1234//1234 1218//1218
f 1218//1218 1234//1234 1235//1235 1219//1219
f 1219//1219 1235//1235 1236//1236 1220//1220
f 1220//1220 1236//1236 1237//1237 1221//1221
f 1221//1221 1237//1237 1238//1238 1222//1222
f 1222//1222 1238//1238 1239//1239 1223//1223
f 1223//1223 1239//1239 1240//1240 1224//1224
f 1224//1224 1240//1240 1241//1241 1225//1225
f 1225//1225 1241//1241 1242//1242 1226//1226
f 1226//1226 1242//1242 1243//1243 1227//1227
f 1227//1227 1243//1243 1244//1244 1228//1228
f 1228//1228 1244//1244 1245//1245 1229//1229
f 1229//1229 1245//1245 1246//1246 1230//1230
f 1230//1230 1246//1246 1247//1247 1231//1231
f 1231//1231 1247//1247 1248//1248 1232//1232
f 1232//1232 1248//1248 1233//1233 1217//1217
f 1233//1233 1249//1249 1250//1250 1234//1234
f 1234//1234 1250//1250 1251//1251 1235//1235
f 1235//1235 1251//1251 1252//1252 1236//1236
f 1236//1236 1252//1252 1253//1253 1237//1237
f 1237//1237 1253//1253 1254//1254 1238//1238
f 1238//1238 1254//1254 1255//1255 1239//1239
f 1239//1239 1255//1255 1256//1256 1240//1240
f 1240//1240 1256//1256 1257//1257 1241//1241
f 1241//1241 1257//1257 1258//1258 1242//1242
f 1242//1242 1258//1258 1259//1259 1243//1243
f 1243//1243 1259//1259 1260//1260 1244//1244
f 1244//1244 1260//1260 1261//1261 1245//1245
f 1245//1245 1261//1261 1262//1262 1246//1246
f 1246//1246 1262//1262 1263//1263 1247//1247
f 1247//1247 1263//1263 1264//1264 1248//1248
f 1248//1248 1264//1264 1249//1249 1233//1233
f 1249//1249 1265//1265 1266//1266 1250//1250
f 1250//1250 1266//1266 1267//1267 1251//1251
f 1251//1251 1267//1267 1268//1268 1252//1252
f 1252//1252 1268//1268 1269//1269 1253//1253
f 1253//1253 1269//1269 1270//1270 1254//1254
f 1254//1254 1270//1270 1271//1271 1255//1255
f 1255//1255 1271//1271 1272//1272 1256//1256
f 1256//1256 1272//1272 1273//1273 1257//1257
f 1257//1257 1273//1273 1274//1274 1258//1258
f 1258//1258 1274//1274 1275//1275 1259//1259
f 1259//1259 1275//1275 1276//1276 1260//1260
f 1260//1260 1276//1276 1277//1277 1261//1261
f 1261//1261 1277//1277 1278//1278 1262//1262
f 1262//1262 1278//1278 1279//1279 1263//1263
f 1263//1263 1279//1279 1280//1280 1264//1264
f 1264//1264 1280//1280 1265//1265 1249//1249
f 1265//1265 1281//1281 1282//1282 1266//1266
f 1266//1266 1282//1282 1283//1283 1267//1267
f 1267//1267 1283//1283 1284//1284 1268//1268
f 1268//1268 1284//1284 1285//1285 1269//1269
f 1269//1269 1285//1285 1286//1286 1270//1270
f 1270//1270 1286//1286 1287//1287 1271//1271
f 1271//1271 1287//1287 1288//1288 1272//1272
f 1272//1272 1288//1288 1289//1289 1273//1273
f 1273//1273 1289//1289 1290//1290 1274//1274
f 1274//1274 1290//1290 1291//1291 1275//1275
f 1275//1275 1291//1291 1292//1292 1276//1276
f 1276//1276 1292//1292 1293//1293 1277//1277
f 1277//1277 1293//1293 1294//1294 1278//1278
f 1278//1278 1294//1294 1295//1295 1279//1279
f 1279//1279 1295//1295 1296//1296 1280//1280
f 1280//1280 1296//1296 1281//1281 1265//1265
f 1281//1281 1297//1297 1298//1298 1282//1282
f 1282//1282 1298//1298 1299//1299 1283//1283
f 1283//1283 1299//1299 1300//1300 1284//1284
f 1284//1284 1300//1300 1301//1301 1285//1285
f 1285//1285 1301//1301 1302//1302 1286//1286
f 1286//1286 1302//1302 1303//1303 1287//1287
f 1287//1287 1303//1303 1304//1304 1288//1288
f 1288//1288 1304//1304 1305//1305 1289//1289
f 1289//1289 1305//1305 1306//1306 1290//1290
f 1290//1290 1306//1306 1307//1307 1291//1291
f 1291//1291 1307//1307 1308//1308 1292//1292
f 1292//1292 1308//1308 1309//1309 1293//1293
f 1293//1293 1309//1309 1310//1310 1294//1294
f 1294//1294 1310//1310 1311//1311 1295//1295
f 1295//1295 1311//1311 1312//1312 1296//1296
f 1296//1296 1312//1312 1297//1297 1281//1281
f 1297//1297 1313//1313 1314//1314 1298//1298
f 1298//1298 1314//1314 1315//1315 1299//1299
f 1299//1299 1315//1315 1316//1316 1300//1300
f 1300//1300 1316//1316 1317//1317 1301//1301
f 1301//1301 1317//1317 1318//1318 1302//1302
f 1302//1302 1318//1318 1319//1319 1303//1303
f 1303//1303 1319//1319 1320//1320 1304//1304
f 1304//1304 1320//1320 1321//1321 1305//1305
f 1305//1305 1321//1321 1322//1322 1306//1306
f 1306//1306 1322//1322 1323//1323 1307//1307
f 1307//1307 1323//1323 1324//1324 1308//1308
f 1308//1308 1324//1324 1325//1325 1309//1309
f 1309//1309 1325//1325 1326//1326 1310//1310
f 1310//1310 1326//1326 1327//1327 1311//1311
f 1311//1311 1327//1327 1328//1328 1312//1312
f 1312//1312 1328//1328 1313//1313 1297//1297
f 1313//1313 1329//1329 1330//1330 1314//1314
f 1314//1314 1330//1330 1331//1331 1315//1315
f 1315//1315 1331//1331 1332//1332 1316//1316
f 1316//1316 1332//1332 1333//1333 1317//1317
f 1317//1317 1333//1333 1334//1334 1318//1318
f 1318//1318 1334//1334 1335//1335 1319//1319
f 1319//1319 1335//1335 1336//1336 1320//1320
f 1320//1320 1336//1336 1337//1337 1321//1321
f 1321//1321 1337//1337 1338//1338 1322//1322
f 1322//1322 1338//1338 1339//1339 1323//1323
f 1323//1323 1339//1339 1340//1340 1324//1324
f 1324//1324 1340//1340 1341//1341 1325//1325
f 1325//1325 1341//1341 1342//1342 1326//1326
f 1326//1326 1342//1342 1343//1343 1327//1327
f 1327//1327 1343//1343 1344//1344 1328//1328
f 1328//1328 1344//1344 1329//1329 1313//1313
f 1329//1329 1345//1345 1346//1346 1330//1330
f 1330//1330 1346//1346 1347//1347 1331//1331
f 1331//1331 1347//1347 1348//1348 1332//1332
f 1332//1332 1348//1348 1349//1349 1333//1333
f 1333//1333 1349//1349 1350//1350 1334//1334
f 1334//1334 1350//1350 1351//1351 1335//1335
f 1335//1335 1351//1351 1352//1352 1336//1336
f 1336//1336 1352//1352 1353//1353 1337//1337
f 1337//1337 1353//1353 1354//1354 1338//1338
f 1338//1338 1354//1354 1355//1355 1339//1339
f 1339//1339 1355//1355 1356//1356 1340//1340
f 1340//1340 1356//1356 1357//1357 1341//1341
f 1341//1341 1357//1357 1358//1358 1342//1342
f 1342//1342 1358//1358 1359//1359 1343//1343
f 1343//1343 1359//1359 1360//1360 1344//1344
f 1344//1344 1360//1360 1345//1345 1329//1329
f 1345//1345 1361//1361 1362//1362 1346//1346
f 1346//1346 1362//1362 1363//1363 1347//1347
f 1347//1347 1363//1363 1364//1364 1348//1348
f 1348//1348 1364//1364 1365//1365 1349//1349
f 1349//1349 1365//1365 1366//1366 1350//1350
f 1350//1350 1366//1366 1367//1367 1351//1351
f 1351//1351 1367//1367 1368//1368 1352//1352
f 1352//1352 1368//1368 1369//1369 1353//1353
f 1353//1353 1369//1369 1370//1370 1354//1354
f 1354//1354 1370//1370 1371//1371 1355//1355
f 1355//1355 1371//1371 1372//1372 1356//1356
f 1356//1356 1372//1372 1373//1373 1357//1357
f 1357//1357 1373//1373 1374//1374 1358//1358
f 1358//1358 1374//1374 1375//1375 1359//1359
f 1359//1359 1375//1375 1376//1376 1360//1360
f 1360//1360 1376//1376 1361//1361 1345//1345
f 1361//1361 1377//1377 1378//1378 1362//1362
f 1362//1362 1378//1378 1379//1379 1363//1363
f 1363//1363 1379//1379 1380//1380 1364//1364
f 1364//1364 1380//1380 1381//1381 1365//1365
f 1365//1365 1381//1381 1382//1382 1366//1366
f 1366//1366 1382//1382 1383//1383 1367//1367
f 1367//1367 1383//1383 1384//1384 1368//1368
f 1368//1368 1384//1384 1385//1385 1369//1369
f 1369//1369 1385//1385 1386//1386 1370//1370
f 1370//1370 1386//1386 1387//1387 1371//1371
f 1371//1371 1387//1387 1388//1388 1372//1372
f 1372//1372 1388//1388 1389//1389 1373//1373
f 1373//1373 1389//1389 1390//1390 1374//1374
f 1374//1374 1390//1390 1391//1391 1375//1375
f 1375//1375 1391//1391 1392//1392 1376//1376
f 1376//1376 1392//1392 1377//1377 1361//1361
f 1377//1377 1393//1393 1394//1394 1378//1378
f 1378//1378 1394//1394 1395//1395 1379//1379
f 1379//1379 1395//1395 1396//1396 1380//1380
f 1380//1380 1396//1396 1397//1397 1381//1381
f 1381//1381 1397//1397 1398//1398 1382//1382
f 1382//1382 1398//1398 1399//1399 1383//1383
f 1383//1383 1399//1399 1400//1400 1384//1384
f 1384//1384 1400//1400 1401//1401 1385//1385
f 1385//1385 1401//1401 1402//1402 1386//1386
f 1386//1386 1402//1402 1403//1403 1387//1387
f 1387//1387 1403//1403 1404//1404 1388//1388
f 1388//1388 1404//1404 1405//1405 1389//1389
f 1389//1389 1405//1405 1406//1406 1390//1390
f 1390//1390 1406//1406 1407//1407 1391//1391
f 1391//1391 1407//1407 1408//1408 1392//1392
f 1392//1392 1408//1408 1393//1393 1377//1377
f 1393//1393 1409//1409 1410//1410 1394//1394
f 1394//1394 1410//1410 1411//1411 1395//1395
f 1395//1395 1411//1411 1412//1412 1396//1396
f 1396//1396 1412//1412 1413//1413 1397//1397
f 1397//1397 1413//1413 1414//1414 1398//1398
f 1398//1398 1414//1414 1415//1415 1399//1399
f 1399//1399 1415//1415 1416//1416 1400//1400
f 1400//1400 1416//1416 1417//1417 1401//1401
f 1401//1401 1417//1417 1418//1418 1402//1402
f 1402//1402 1418//1418 1419//1419 1403//1403
f 1403//1403 1419//1419 1420//1420 1404//1404
f 1404//1404 1420//1420 1421//1421 1405//1405
f 1405//1405 1421//1421 1422//1422 1406//1406
f 1406//1406 1422//1422 1423//1423 1407//1407
f 1407//1407 1423//1423 1424//1424 1408//1408
f 1408//1408 1424//1424 1409//1409 1393//1393
f 1409//1409 1425//1425 1426//1426 1410//1410
f 1410//1410 1426//1426 1427//1427 1411//1411
f 1411//1411 1427//1427 1428//1428 1412//1412
f 1412//1412 1428//1428 1429//1429 1413//1413
f 1413//1413 1429//1429 1430//1430 1414//1414
f 1414//1414 1430//1430 1431//1431 1415//1415
f 1415//1415 1431//1431 1432//1432 1416//1416
f 1416//1416 1432//1432 1433//1433 1417//1417
f 1417//1417 1433//1433 1434//1434 1418//1418
f 1418//1418 1434//1434 1435//1435 1419//1419
f 1419//1419 1435//1435 1436//1436 1420//1420
f 1420//1420 1436//1436 1437//1437 1421//1421
f 1421//1421 1437//1437 1438//1438 1422//1422
f 1422//1422 1438//1438 1439//1439 1423//1423
f 1423//1423 1439//1439 1440//1440 1424//1424
f 1424//1424 1440//1440 1425//1425 1409//1409
f 1425//1425 1441//1441 1442//1442 1426//1426
f 1426//1426 1442//1442 1443//1443 1427//1427
f 1427//1427 1443//1443 1444//1444 1428//1428
f 1428//1428 1444//1444 1445//1445 1429//1429
f 1429//1429 1445//1445 1446//1446 1430//1430
f 1430//1430 1446//1446 1447//1447 1431//1431
f 1431//1431 1447//1447 1448//1448 1432//1432
f 1432//1432 1448//1448 1449//1449 1433//1433
f 1433//1433 1449//1449 1450//1450 1434//1434
f 1434//1434 1450//1450 1451//1451 1435//1435
f 1435//1435 1451//1451 1452//1452 1436//1436
f 1436//1436 1452//1452 1453//1453 1437//1437
f 1437//1437 1453//1453 1454//1454 1438//1438
f 1438//1438 1454//1454 1455//1455 1439//1439
f 1439//1439 1455//1455 1456//1456 1440//1440
f 1440//1440 1456//1456 1441//1441 1425//1425
f 1441//1441 1457//1457 1458//1458 1442//1442
f 1442//1442 1458//1458 1459//1459 1443//1443
f 1443//1443 1459//1459 1460//1460 1444//1444
f 1444//1444 1460//1460 1461//1461 1445//1445
f 1445//1445 1461//1461 1462//1462 1446//1446
f 1446//1446 1462//1462 1463//1463 1447//1447
f 1447//1447 1463//1463 1464//1464 1448//1448
f 1448//1448 1464//1464 1465//1465 1449//1449
f 1449//1449 1465//1465 1466//1466 1450//1450
f 1450//1450 1466//1466 1467//1467 1451//1451
f 1451//1451 1467//1467 1468//1468 1452//1452
f 1452//1452 1468//1468 1469//1469 1453//1453
f 1453//1453 1469//1469 1470//1470 1454//1454
f 1454//1454 1470//1470 1471//1471 1455//1455
f 1455//1455 1471//1471 1472//1472 1456//1456
f 1456//1456 1472//1472 1457//1457 1441//1441
f 1457//1457 1473//1473 1474//1474 1458//1458
f 1458//1458 1474//1474 1475//1475 1459//1459
f 1459//1459 1475//1475 1476//1476 1460//1460
f 1460//1460 1476//1476 1477//1477 1461//1461
f 1461//1461 1477//1477 1478//1478 1462//1462
f 1462//1462 1478//1478 1479//1479 1463//1463
f 1463//1463 1479//1479 1480//1480 1464//1464
f 1464//1464 1480//1480 1481//1481 1465//1465
f 1465//1465 1481//1481 1482//1482 1466//1466
f 1466//1466 1482//1482 1483//1483 1467//1467
f 1467//1467 1483//1483 1484//1484 1468//1468
f 1468//1468 1484//1484 1485//1485 1469//1469
f 1469//1469 1485//1485 1486//1486 1470//1470
f 1470//1470 1486//1486 1487//1487 1471//1471
f 1471//1471 1487//1487 1488//1488 1472//1472
f 1472//1472 1488//1488 1473//1473 1457//1457
f 1473//1473 1489//1489 1490//1490 1474//1474
f 1474//1474 1490//1490 1491//1491 1475//1475
f 1475//1475 1491//1491 1492//1492 1476//1476
f 1476//1476 1492//1492 1493//1493 1477//1477
f 1477//1477 1493//1493 1494//1494 1478//1478
f 1478//1478 1494//1494 1495//1495 1479//1479
f 1479//1479 1495//1495 1496//1496 1480//1480
f 1480//1480 1496//1496 1497//1497 1481//1481
f 1481//1481 1497//1497 1498//1498 1482//1482
f 1482//1482 1498//1498 1499//1499 1483//1483
f 1483//1483 1499//1499 1500//1500 1484//1484
f 1484//1484 1500//1500 1501//1501 1485//1485
f 1485//1485 1501//1501 1502//1502 1486//1486
f 1486//1486 1502//1502 1503//1503 1487//1487
f 1487//1487 1503//1503 1504//1504 1488//1488
f 1488//1488 1504//1504 1489//1489 1473//1473
f 1489//1489 1505//1505 1506//1506 1490//1490
f 1490//1490 1506//1506 1507//1507 1491//1491
f 1491//1491 1507//1507 1508//1508 1492//1492
f 1492//1492 1508//1508 1509//1509 1493//1493
f 1493//1493 1509//1509 1510//1510 1494//1494
f 1494//1494 1510//1510 1511//1511 1495//1495
f 1495//1495 1511//1511 1512//1512 1496//1496
f 1496//1496 1512//1512 1513//1513 1497//1497
f 1497//1497 1513//1513 1514//1514 1498//1498
f 1498//1498 1514//1514 1515//1515 1499//1499
f 1499//1499 1515//1515 1516//1516 1500//1500
f 1500//1500 1516//1516 1517//1517 1501//1501
f 1501//1501 1517//1517 1518//1518 1502//1502
f 1502//1502 1518//1518 1519//1519 1503//1503
f 1503//1503 1519//1519 1520//1520 1504//1504
f 1504//1504 1520//1520 1505//1505 1489//1489
f 1505//1505 1521//1521 1522//1522 1506//1506
f 1506//1506 1522//1522 1523//1523 1507//1507
f 1507//1507 1523//1523 1524//1524 1508//1508
f 1508//1508 1524//1524 1525//1525 1509//1509
f 1509//1509 1525//1525 1526//1526 1510//1510
f 1510//1510 1526//1526 1527//1527 1511//1511
f 1511//1511 1527//1527 1528//1528 1512//1512
f 1512//1512 1528//1528 1529//1529 1513//1513
f 1513//1513 1529//1529 1530//1530 1514//1514
f 1514//1514 1530//1530 1531//1531 1515//1515
f 1515//1515 1531//1531 1532//1532 1516//1516
f 1516//1516 1532//1532 1533//1533 1517//1517
f 1517//1517 1533//1533 1534//1534 1518//1518
f 1518//1518 1534//1534 1535//1535 1519//1519
f 1519//1519 1535//1535 1536//1536 1520//1520
f 1520//1520 1536//1536 1521//1521 1505//1505
f 1521//1521 1537//1537 1538//1538 1522//1522
f 1522//1522 1538//1538 1539//1539 1523//1523
f 1523//1523 1539//1539 1540//1540 1524//1524
f 1524//1524 1540//1540 1541//1541 1525//1525
f 1525//1525 1541//1541 1542//1542 1526//1526
f 1526//1526 1542//1542 1543//1543 1527//1527
f 1527//1527 1543//1543 1544//1544 1528//1528
f 1528//1528 1544//1544 1545//1545 1529//1529
f 1529//1529 1545//1545 1546//1546 1530//1530
f 1530//1530 1546//1546 1547//1547 1531//1531
f 1531//1531 1547//1547 1548//1548 1532//1532
f 1532//1532 1548//1548 1549//1549 1533//1533
f 1533//1533 1549//1549 1550//1550 1534//1534
f 1534//1534 1550//1550 1551//1551 1535//1535
f 1535//1535 1551//1551 1552//1552 1536//1536
f 1536//1536 1552//1552 1537//1537 1521//1521
f 1537//1537 1553//1553 1554//1554 1538//1538
f 1538//1538 1554//1554 1555//1555 1539//1539
f 1539//1539 1555//1555 1556//1556 1540//1540
f 1540//1540 1556//1556 1557//1557 1541//1541
f 1541//1541 1557//1557 1558//1558 1542//1542
f 1542//1542 1558//1558 1559//1559 1543//1543
f 1543//1543 1559//1559 1560//1560 1544//1544
f 1544//1544 1560//1560 1561//1561 1545//1545
f 1545//1545 1561//1561 1562//1562 1546//1546
f 1546//1546 1562//1562 1563//1563 1547//1547
f 1547//1547 1563//1563 1564//1564 1548//1548
f 1548//1548 1564//1564 1565//1565 1549//1549
f 1549//1549 1565//1565 1566//1566 1550//1550
f 1550//1550 1566//1566 1567//1567 1551//1551
f 1551//1551 1567//1567 1568//1568 1552//1552
f 1552//1552 1568//1568 1553//1553 1537//1537
f 1553//1553 1569//1569 1570//1570 1554//1554
f 1554//1554 1570//1570 1571//1571 1555//1555
f 1555//1555 1571//1571 1572//1572 1556//1556
f 1556//1556 1572//1572 1573//1573 1557//1557
f 1557//1557 1573//1573 1574//1574 1558//1558
f 1558//1558 1574//1574 1575//1575 1559//1559
f 1559//1559 1575//1575 1576//1576 1560//1560
f 1560//1560 1576//1576 1577//1577 1561//1561
f 1561//1561 1577//1577 1578//1578 1562//1562
f 1562//1562 1578//1578 1579//1579 1563//1563
f 1563//1563 1579//1579 1580//1580 1564//1564
f 1564//1564 1580//1580 1581//1581 1565//1565
f 1565//1565 1581//1581 1582//1582 1566//1566
f 1566//1566 1582//1582 1583//1583 1567//1567
f 1567//1567 1583//1583 1584//1584 1568//1568
f 1568//1568 1584//1584 1569//1569 1553//1553
f 1569//1569 1585//1585 1586//1586 1570//1570
f 1570//1570 1586//1586 1587//1587 1571//1571
f 1571//1571 1587//1587 1588//1588 1572//1572
f 1572//1572 1588//1588 1589//1589 1573//1573
f 1573//1573 1589//1589 1590//1590 1574//1574
f 1574//1574 1590//1590 1591//1591 1575//1575
f 1575//1575 1591//1591 1592//1592 1576//1576
f 1576//1576 1592//1592 1593//1593 1577//1577
f 1577//1577 1593//1593 1594//1594 1578//1578
f 1578//1578 1594//1594 1595//1595 1579//1579
f 1579//1579 1595//1595 1596//1596 1580//1580
f 1580//1580 1596//1596 1597//1597 1581//1581
f 1581//1581 1597//1597 1598//1598 1582//1582
f 1582//1582 1598//1598 1599//1599 1583//1583
f 1583//1583 1599//1599 1600//1600 1584//1584
f 1584//1584 1600//1600 1585//1585 1569//1569
f 1585//1585 1601//1601 1602//1602 1586//1586
f 1586//1586 1602//1602 1603//1603 1587//1587
f 1587//1587 1603//1603 1604//1604 1588//1588
f 1588//1588 1604//1604 1605//1605 1589//1589
f 1589//1589 1605//1605 1606//1606 1590//1590
f 1590//1590 1606//1606 1607//1607 1591//1591
f 1591//1591 1607//1607 1608//1608 1592//1592
f 1592//1592 1608//1608 1609//1609 1593//1593
f 1593//1593 1609//1609 1610//1610 1594//1594
f 1594//1594 1610//1610 1611//1611 1595//1595
f 1595//1595 1611//1611 1612//1612 1596//1596
f 1596//1596 1612//1612 1613//1613 1597//1597
f 1597//1597 1613//1613 1614//1614 1598//1598
f 1598//1598 1614//1614 1615//1615 1599//1599
f 1599//1599 1615//1615 1616//1616 1600//1600
f 1600//1600 1616//1616 1601//1601 1585//1585
f 1601//1601 1617//1617 1618//1618 1602//1602
f 1602//1602 1618//1618 1619//1619 1603//1603
f 1603//1603 1619//1619 1620//1620 1604//1604
f 1604//1604 1620//1620 1621//1621 1605//1605
f 1605//1605 1621//1621 1622//1622 1606//1606
f 1606//1606 1622//1622 1623//1623 1607//1607
f 1607//1607 1623//1623 1624//1624 1608//1608
f 1608//1608 1624//1624 1625//1625 1609//1609
f 1609//1609 1625//1625 1626//1626 1610//1610
f 1610//1610 1626//1626 1627//1627 1611//1611
f 1611//1611 1627//1627 1628//1628 1612//1612
f 1612//1612 1628//1628 1629//1629 1613//1613
f 1613//1613 1629//1629 1630//1630 1614//1614
f 1614//1614 1630//1630 1631//1631 1615//1615
f 1615//1615 1631//1631 1632//1632 1616//1616
f 1616//1616 1632//1632 1617//1617 1601//1601
f 1617//1617 1633//1633 1634//1634 1618//1618
f 1618//1618 1634//1634 1635//1635 1619//1619
f 1619//1619 1635//1635 1636//1636 1620//1620
f 1620//1620 1636//1636 1637//1637 1621//1621
f 1621//1621 1637//1637 1638//1638 1622//1622
f 1622//1622 1638//1638 1639//1639 1623//1623
f 1623//1623 1639//1639 1640//1640 1624//1624
f 1624//1624 1640//1640 1641//1641 1625//1625
f 1625//1625 1641//1641 1642//1642 1626//1626
f 1626//1626 1642//1642 1643//1643 1627//1627
f 1627//1627 1643//1643 1644//1644 1628//1628
f 1628//1628 1644//1644 1645//1645 1629//1629
f 1629//1629 1645//1645 1646//1646 1630//1630
f 1630//1630 1646//1646 1647//1647 1631//1631
f 1631//1631 1647//1647 1648//1648 1632//1632
f 1632//1632 1648//1648 1633//1633 1617//1617
f 1633//1633 1649//1649 1650//1650 1634//1634
f 1634//1634 1650//1650 1651//1651 1635//1635
f 1635//1635 1651//1651 1652//1652 1636//1636
f 1636//1636 1652//1652 1653//1653 1637//1637
f 1637//1637 1653//1653 1654//1654 1638//1638
f 1638//1638 1654//1654 1655//1655 1639//1639
f 1639//1639 1655//1655 1656//1656 1640//1640
f 1640//1640 1656//1656 1657//1657 1641//1641
f 1641//1641 1657//1657 1658//1658 1642//1642
f 1642//1642 1658//1658 1659//1659 1643//1643
f 1643//1643 1659//1659 1660//1660 1644//1644
f 1644//1644 1660//1660 1661//1661 1645//1645
f 1645//1645 1661//1661 1662//1662 1646//1646
f 1646//1646 1662//1662 1663//1663 1647//1647
f 1647//1647 1663//1663 1664//1664 1648//1648
f 1648//1648 1664//1664 1649//1649 1633//1633
f 1649//1649 1665//1665 1666//1666 1650//1650
f 1650//1650 1666//1666 1667//1667 1651//1651
f 1651//1651 1667//1667 1668//1668 1652//1652
f 1652//1652 1668//1668 1669//1669 1653//1653
f 1653//1653 1669//1669 1670//1670 1654//1654
f 1654//1654 1670//1670 1671//1671 1655//1655
f 1655//1655 1671//1671 1672//1672 1656//1656
f 1656//1656 1672//1672 1673//1673 1657//1657
f 1657//1657 1673//1673 1674//1674 1658//1658
f 1658//1658 1674//1674 1675//1675 1659//1659
f 1659//1659 1675//1675 1676//1676 1660//1660
f 1660//1660 1676//1676 1677//1677 1661//1661
f 1661//1661 1677//1677 1678//1678 1662//1662
f 1662//1662 1678//1678 1679//1679 1663//1663
f 1663//1663 1679//1679 1680//1680 1664//1664
f 1664//1664 1680//1680 1665//1665 1649//1649
f 1665//1665 1681//1681 1682//1682 1666//1666
f 1666//1666 1682//1682 1683//1683 1667//1667
f 1667//1667 1683//1683 1684//1684 1668//1668
f 1668//1668 1684//1684 1685//1685 1669//1669
f 1669//1669 1685//1685 1686//1686 1670//1670
f 1670//1670 1686//1686 1687//1687 1671//1671
f 1671//1671 1687//1687 1688//1688 1672//1672
f 1672//1672 1688//1688 1689//1689 1673//1673
f 1673//1673 1689//1689 1690//1690 1674//1674
f 1674//1674 1690//1690 1691//1691 1675//1675
f 1675//1675 1691//1691 1692//1692 1676//1676
f 1676//1676 1692//1692 1693//1693 1677//1677
f 1677//1677 1693//1693 1694//1694 1678//1678
f 1678//1678 1694//1694 1695//1695 1679//1679
f 1679//1679 1695//1695 1696//1696 1680//1680
f 1680//1680 1696//1696 1681//1681 1665//1665
f 1681//1681 1697//1697 1698//1698 1682//1682
f 1682//1682 1698//1698 1699//1699 1683//1683
f 1683//1683 1699//1699 1700//1700 1684//1684
f 1684//1684 1700//1700 1701//1701 1685//1685
f 1685//1685 1701//1701 1702//1702 1686//1686
f 1686//1686 1702//1702 1703//1703 1687//1687
f 1687//1687 1703//1703 1704//1704 1688//1688
f 1688//1688 1704//1704 1705//1705 1689//1689
f 1689//1689 1705//1705 1706//1706 1690//1690
f 1690//1690 1706//1706 1707//1707 1691//1691
f 1691//1691 1707//1707 1708//1708 1692//1692
f 1692//1692 1708//1708 1709//1709 1693//1693
f 1693//1693 1709//1709 1710//1710 1694//1694
f 1694//1694 1710//1710 1711//1711 1695//1695
f 1695//1695 1711//1711 1712//1712 1696//1696
f 1696//1696 1712//1712 1697//1697 1681//1681
f 1697//1697 1713//1713 1714//1714 1698//1698
f 1698//1698 1714//1714 1715//1715 1699//1699
f 1699//1699 1715//1715 1716//1716 1700//1700
f 1700//1700 1716//1716 1717//1717 1701//1701
f 1701//1701 1717//1717 1718//1718 1702//1702
f 1702//1702 1718//1718 1719//1719 1703//1703
f 1703//1703 1719//1719 1720//1720 1704//1704
f 1704//1704 1720//1720 1721//1721 1705//1705
f 1705//1705 1721//1721 1722//1722 1706//1706
f 1706//1706 1722//1722 1723//1723 1707//1707
f 1707//1707 1723//1723 1724//1724 1708//1708
f 1708//1708 1724//1724 1725//1725 1709//1709
f 1709//1709 1725//1725 1726//1726 1710//1710
f 1710//1710 1726//1726 1727//1727 1711//1711
f 1711//1711 1727//1727 1728//1728 1712//1712
f 1712//1712 1728//1728 1713//1713 1697//1697
f 1713//1713 1729//1729 1730//1730 1714//1714
f 1714//1714 1730//1730 1731//1731 1715//1715
f 1715//1715 1731//1731 1732//1732 1716//1716
f 1716//1716 1732//1732 1733//1733 1717//1717
f 1717//1717 1733//1733 1734//1734 1718//1718
f 1718//1718 1734//1734 1735//1735 1719//1719
f 1719//1719 1735//1735 1736//1736 1720//1720
f 1720//1720 1736//1736 1737//1737 1721//1721
f 1721//1721 1737//1737 1738//1738 1722//1722
f 1722//1722 1738//1738 1739//1739 1723//1723
f 1723//1723 1739//1739 1740//1740 1724//1724
f 1724//1724 1740//1740 1741//1741 1725//1725
f 1725//1725 1741//1741 1742//1742 1726//1726
f 1726//1726 1742//1742 1743//1743 1727//1727
f 1727//1727 1743//1743 1744//1744 1728//1728
f 1728//1728 1744//1744 1729//1729 1713//1713
f 1729//1729 1745//1745 1746//1746 1730//1730
f 1730//1730 1746//1746 1747//1747 1731//1731
f 1731//1731 1747//1747 1748//1748 1732//1732
f 1732//1732 1748//1748 1749//1749 1733//1733
f 1733//1733 1749//1749 1750//1750 1734//1734
f 1734//1734 1750//1750 1751//1751 1735//1735
f 1735//1735 1751//1751 1752//1752 1736//1736
f 1736//1736 1752//1752 1753//1753 1737//1737
f 1737//1737 1753//1753 1754//1754 1738//1738
f 1738//1738 1754//1754 1755//1755 1739//1739
f 1739//1739 1755//1755 1756//1756 1740//1740
f 1740//1740 1756//1756 1757//1757 1741//1741
f 1741//1741 1757//1757 1758//1758 1742//1742
f 1742//1742 1758//1758 1759//1759 1743//1743
f 1743//1743 1759//1759 1760//1760 1744//1744
f 1744//1744 1760//1760 1745//1745 1729//1729
f 1745//1745 1761//1761 1762//1762 1746//1746
f 1746//1746 1762//1762 1763//1763 1747//1747
f 1747//1747 1763//1763 1764//1764 1748//1748
f 1748//1748 1764//1764 1765//1765 1749//1749
f 1749//1749 1765//1765 1766//1766 1750//1750
f 1750//1750 1766//1766 1767//1767 1751//1751
f 1751//1751 1767//1767 1768//1768 1752//1752
f 1752//1752 1768//1768 1769//1769 1753//1753
f 1753//1753 1769//1769 1770//1770 1754//1754
f 1754//1754 1770//1770 1771//1771 1755//1755
f 1755//1755 1771//1771 1772//1772 1756//1756
f 1756//1756 1772//1772 1773//1773 1757//1757
f 1757//1757 1773//1773 1774//1774 1758//1758
f 1758//1758 1774//1774 1775//1775 1759//1759
f 1759//1759 1775//1775 1776//1776 1760//1760
f 1760//1760 1776//1776 1761//1761 1745//1745
f 1761//1761 1777//1777 1778//1778 1762//1762
f 1762//1762 1778//1778 1779//1779 1763//1763
f 1763//1763 1779//1779 1780//1780 1764//1764
f 1764//1764 1780//1780 1781//1781 1765//1765
f 1765//1765 1781//1781 1782//1782 1766//1766
f 1766//1766 1782//1782 1783//1783 1767//1767
f 1767//1767 1783//1783 1784//1784 1768//1768
f 1768//1768 1784//1784 1785//1785 1769//1769
f 1769//1769 1785//1785 1786//1786 1770//1770
f 1770//1770 1786//1786 1787//1787 1771//1771
f 1771//1771 1787//1787 1788//1788 1772//1772
f 1772//1772 1788//1788 1789//1789 1773//1773
f 1773//1773 1789//1789 1790//1790 1774//1774
f 1774//1774 1790//1790 1791//1791 1775//1775
f 1775//1775 1791//1791 1792//1792 1776//1776
f 1776//1776 1792//1792 1777//1777 1761//1761
f 1777//1777 1793//1793 1794//1794 1778//1778
f 1778//1778 1794//1794 1795//1795 1779//1779
f 1779//1779 1795//1795 1796//1796 1780//1780
f 1780//1780 1796//1796 1797//1797 1781//1781
f 1781//1781 1797//1797 1798//1798 1782//1782
f 1782//1782 1798//1798 1799//1799 1783//1783
f 1783//1783 1799//1799 1800//1800 1784//1784
f 1784//1784 1800//1800 1801//1801 1785//1785
f 1785//1785 1801//1801 1802//1802 1786//1786
f 1786//1786 1802//1802 1803//1803 1787//1787
f 1787//1787 1803//1803 1804//1804 1788//1788
f 1788//1788 1804//1804 1805//1805 1789//1789
f 1789//1789 1805//1805 1806//1806 1790//1790
f 1790//1790 1806//1806 1807//1807 1791//1791
f 1791//1791 1807//1807 1808//1808 1792//1792
f 1792//1792 1808//1808 1793//1793 1777//1777
f 1793//1793 1809//1809 1810//1810 1794//1794
f 1794//1794 1810//1810 1811//1811 1795//1795
f 1795//1795 1811//1811 1812//1812 1796//1796
f 1796//1796 1812//1812 1813//1813 1797//1797
f 1797//1797 1813//1813 1814//1814 1798//1798
f 1798//1798 1814//1814 1815//1815 1799//1799
f 1799//1799 1815//1815 1816//1816 1800//1800
f 1800//1800 1816//1816 1817//1817 1801//1801
f 1801//1801 1817//1817 1818//1818 1802//1802
f 1802//1802 1818//1818 1819//1819 1803//1803
f 1803//1803 1819//1819 1820//1820 1804//1804
f 1804//1804 1820//1820 1821//1821 1805//1805
f 1805//1805 1821//1821 1822//1822 1806//1806
f 1806//1806 1822//1822 1823//1823 1807//1807
f 1807//1807 1823//1823 1824//1824 1808//1808
f 1808//1808 1824//1824 1809//1809 1793//1793
f 1809//1809 1825//1825 1826//1826 1810//1810
f 1810//1810 1826//1826 1827//1827 1811//1811
f 1811//1811 1827//1827 1828//1828 1812//1812
f 1812//1812 1828//1828 1829//1829 1813//1813
f 1813//1813 1829//1829 1830//1830 1814//1814
f 1814//1814 1830//1830 1831//1831 1815//1815
f 1815//1815 1831//1831 1832//1832 1816//1816
f 1816//1816 1832//1832 1833//1833 1817//1817
f 1817//1817 1833//1833 1834//1834 1818//1818
f 1818//1818 1834//1834 1835//1835 1819//1819
f 1819//1819 1835//1835 1836//1836 1820//1820
f 1820//1820 1836//1836 1837//1837 1821//1821
f 1821//1821 1837//1837 1838//1838 1822//1822
f 1822//1822 1838//1838 1839//1839 1823//1823
f 1823//1823 1839//1839 1840//1840 1824//1824
f 1824//1824 1840//1840 1825//1825 1809//1809
f 1825//1825 1841//1841 1842//1842 1826//1826
f 1826//1826 1842//1842 1843//1843 1827//1827
f 1827//1827 1843//1843 1844//1844 1828//1828
f 1828//1828 1844//1844 1845//1845 1829//1829
f 1829//1829 1845//1845 1846//1846 1830//1830
f 1830//1830 1846//1846 1847//1847 1831//1831
f 1831//1831 1847//1847 1848//1848 1832//1832
f 1832//1832 1848//1848 1849//1849 1833//1833
f 1833//1833 1849//1849 1850//1850 1834//1834
f 1834//1834 1850//1850 1851//1851 1835//1835
f 1835//1835 1851//1851 1852//1852 1836//1836
f 1836//1836 1852//1852 1853//1853 1837//1837
f 1837//1837 1853//1853 1854//1854 1838//1838
f 1838//1838 1854//1854 1855//1855 1839//1839
f 1839//1839 1855//1855 1856//1856 1840//1840
f 1840//1840 1856//1856 1841//1841 1825//1825
f 1841//1841 1857//1857 1858//1858 1842//1842
f 1842//1842 1858//1858 1859//1859 1843//1843
f 1843//1843 1859//1859 1860//1860 1844//1844
f 1844//1844 1860//1860 1861//1861 1845//1845
f 1845//1845 1861//1861 1862//1862 1846//1846
f 1846//1846 1862//1862 1863//1863 1847//1847
f 1847//1847 1863//1863 1864//1864 1848//1848
f 1848//1848 1864//1864 1865//1865 1849//1849
f 1849//1849 1865//1865 1866//1866 1850//1850
f 1850//1850 1866//1866 1867//1867 1851//1851
f 1851//1851 1867//1867 1868//1868 1852//1852
f 1852//1852 1868//1868 1869//1869 1853//1853
f 1853//1853 1869//1869 1870//1870 1854//1854
f 1854//1854 1870//1870 1871//1871 1855//1855
f 1855//1855 1871//1871 1872//1872 1856//1856
f 1856//1856 1872//1872 1857//1857 1841//1841
f 1857//1857 1873//1873 1874//1874 1858//1858
f 1858//1858 1874//1874 1875//1875 1859//1859
f 1859//1859 1875//1875 1876//1876 1860//1860
f 1860//1860 1876//1876 1877//1877 1861//1861
f 1861//1861 1877//1877 1878//1878 1862//1862
f 1862//1862 1878//1878 1879//1879 1863//1863
f 1863//1863 1879//1879 1880//1880 1864//1864
f 1864//1864 1880//1880 1881//1881 1865//1865
f 1865//1865 1881//1881 1882//1882 1866//1866
f 1866//1866 1882//1882 1883//1883 1867//1867
f 1867//1867 1883//1883 1884//1884 1868//1868
f 1868//1868 1884//1884 1885//1885 1869//1869
f 1869//1869 1885//1885 1886//1886 1870//1870
f 1870//1870 1886//1886 1887//1887 1871//1871
f 1871//1871 1887//1887 1888//1888 1872//1872
f 1872//1872 1888//1888 1873//1873 1857//1857
f 1873//1873 1889//1889 1890//1890 1874//1874
f 1874//1874 1890//1890 1891//1891 1875//1875
f 1875//1875 1891//1891 1892//1892 1876//1876
f 1876//1876 1892//1892 1893//1893 1877//1877
f 1877//1877 1893//1893 1894//1894 1878//1878
f 1878//1878 1894//1894 1895//1895 1879//1879
f 1879//1879 1895//1895 1896//1896 1880//1880
f 1880//1880 1896//1896 1897//1897 1881//1881
f 1881//1881 1897//1897 1898//1898 1882//1882
f 1882//1882 1898//1898 1899//1899 1883//1883
f 1883//1883 1899//1899 1900//1900 1884//1884
f 1884//1884 1900//1900 1901//1901 1885//1885
f 1885//1885 1901//1901 1902//1902 1886//1886
f 1886//1886 1902//1902 1903//1903 1887//1887
f 1887//1887 1903//1903 1904//1904 1888//1888
f 1888//1888 1904//1904 1889//1889 1873//1873
f 1889//1889 1905//1905 1906//1906 1890//1890
f 1890//1890 1906//1906 1907//1907 1891//1891
f 1891//1891 1907//1907 1908//1908 1892//1892
f 1892//1892 1908//1908 1909//1909 1893//1893
f 1893//1893 1909//1909 1910//1910 1894//1894
f 1894//1894 1910//1910 1911//1911 1895//1895
f 1895//1895 1911//1911 1912//1912 1896//1896
f 1896//1896 1912//1912 1913//1913 1897//1897
f 1897//1897 1913//1913 1914//1914 1898//1898
f 1898//1898 1914//1914 1915//1915 1899//1899
f 1899//1899 1915//1915 1916//1916 1900//1900
f 1900//1900 1916//1916 1917//1917 1901//1901
f 1901//1901 1917//1917 1918//1918 1902//1902
f 1902//1902 1918//1918 1919//1919 1903//1903
f 1903//1903 1919//1919 1920//1920 1904//1904
f 1904//1904 1920//1920 1905//1905 1889//1889
f 1905//1905 1921//1921 1922//1922 1906//1906
f 1906//1906 1922//1922 1923//1923 1907//1907
f 1907//1907 1923//1923 1924//1924 1908//1908
f 1908//1908 1924//1924 1925//1925 1909//1909
f 1909//1909 1925//1925 1926//1926 1910//1910
f 1910//1910 1926//1926 1927//1927 1911//1911
f 1911//1911 1927//1927 1928//1928 1912//1912
f 1912//1912 1928//1928 1929//1929 1913//1913
f 1913//1913 1929//1929 1930//1930 1914//1914
f 1914//1914 1930//1930 1931//1931 1915//1915
f 1915//1915 1931//1931 1932//1932 1916//1916
f 1916//1916 1932//1932 1933//1933 1917//1917
f 1917//1917 1933//1933 1934//1934 1918//1918
f 1918//1918 1934//1934 1935//1935 1919//1919
f 1919//1919 1935//1935 1936//1936 1920//1920
f 1920//1920 1936//1936 1921//1921 1905//1905
f 1921//1921 1937//1937 1938//1938 1922//1922
f 1922//1922 1938//1938 1939//1939 1923//1923
f 1923//1923 1939//1939 1940//1940 1924//1924
f 1924//1924 1940//1940 1941//1941 1925//1925
f 1925//1925 1941//1941 1942//1942 1926//1926
f 1926//1926 1942//1942 1943//1943 1927//1927
f 1927//1927 1943//1943 1944//1944 1928//1928
f 1928//1928 1944//1944 1945//1945 1929//1929
f 1929//1929 1945//1945 1946//1946 1930//1930
f 1930//1930 1946//1946 1947//1947 1931//1931
f 1931//1931 1947//1947 1948//1948 1932//1932
f 1932//1932 1948//1948 1949//1949 1933//1933
f 1933//1933 1949//1949 1950//1950 1934//1934
f 1934//1934 1950//1950 1951//1951 1935//1935
f 1935//1935 1951//1951 1952//1952 1936//1936
f 1936//1936 1952//1952 1937//1937 1921//1921
f 1937//1937 1953//1953 1954//1954 1938//1938
f 1938//1938 1954//1954 1955//1955 1939//1939
f 1939//1939 1955//1955 1956//1956 1940//1940
f 1940//1940 1956//1956 1957//1957 1941//1941
f 1941//1941 1957//1957 1958//1958 1942//1942
f 1942//1942 1958//1958 1959//1959 1943//1943
f 1943//1943 1959//1959 1960//1960 1944//1944
f 1944//1944 1960//1960 1961//1961 1945//1945
f 1945//1945 1961//1961 1962//1962 1946//1946
f 1946//1946 1962//1962 1963//1963 1947//1947
f 1947//1947 1963//1963 1964//1964 1948//1948
f 1948//1948 1964//1964 1965//1965 1949//1949
f 1949//1949 1965//1965 1966//1966 1950//1950
f 1950//1950 1966//1966 1967//1967 1951//1951
f 1951//1951 1967//1967 1968//1968 1952//1952
f 1952//1952 1968//1968 1953//1953 1937//1937
f 1953//1953 1969//1969 1970//1970 1954//1954
f 1954//1954 1970//1970 1971//1971 1955//1955
f 1955//1955 1971//1971 1972//1972 1956//1956
f 1956//1956 1972//1972 1973//1973 1957//1957
f 1957//1957 1973//1973 1974//1974 1958//1958
f 1958//1958 1974//1974 1975//1975 1959//1959
f 1959//1959 1975//1975 1976//1976 1960//1960
f 1960//1960 1976//1976 1977//1977 1961//1961
f 1961//1961 1977//1977 1978//1978 1962//1962
f 1962//1962 1978//1978 1979//1979 1963//1963
f 1963//1963 1979//1979 1980//1980 1964//1964
f 1964//1964 1980//1980 1981//1981 1965//1965
f 1965//1965 1981//1981 1982//1982 1966//1966
f 1966//1966 1982//1982 1983//1983 1967//1967
f 1967//1967 1983//1983 1984//1984 1968//1968
f 1968//1968 1984//1984 1969//1969 1953//1953
f 1969//1969 1985//1985 1986//1986 1970//1970
f 1970//1970 1986//1986 1987//1987 1971//1971
f 1971//1971 1987//1987 1988//1988 1972//1972
f 1972//1972 1988//1988 1989//1989 1973//1973
f 1973//1973 1989//1989 1990//1990 1974//1974
f 1974//1974 1990//1990 1991//1991 1975//1975
f 1975//1975 1991//1991 1992//1992 1976//1976
f 1976//1976 1992//1992 1993//1993 1977//1977
f 1977//1977 1993//1993 1994//1994 1978//1978
f 1978//1978 1994//1994 1995//1995 1979//1979
f 1979//1979 1995//1995 1996//1996 1980//1980
f 1980//1980 1996//1996 1997//1997 1981//1981
f 1981//1981 1997//1997 1998//1998 1982//1982
f 1982//1982 1998//1998 1999//1999 1983//1983
f 1983//1983 1999//1999 2000//2000 1984//1984
f 1984//1984 2000//2000 1985//1985 1969//1969
f 1985//1985 2001//2001 2002//2002 1986//1986
f 1986//1986 2002//2002 2003//2003 1987//1987
f 1987//1987 2003//2003 2004//2004 1988//1988
f 1988//1988 2004//2004 2005//2005 1989//1989
f 1989//1989 2005//2005 2006//2006 1990//1990
f 1990//1990 2006//2006 2007//2007 1991//1991
f 1991//1991 2007//2007 2008//2008 1992//1992
f 1992//1992 2008//2008 2009//2009 1993//1993
f 1993//1993 2009//2009 2010//2010 1994//1994
f 1994//1994 2010//2010 2011//2011 1995//1995
f 1995//1995 2011//2011 2012//2012 1996//1996
f 1996//1996 2012//2012 2013//2013 1997//1997
f 1997//1997 2013//2013 2014//2014 1998//1998
f 1998//1998 2014//2014 2015//2015 1999//1999
f 1999//1999 2015//2015 2016//2016 2000//2000
f 2000//2000 2016//2016 2001//2001 1985//1985
f 2001//2001 2017//2017 2018//2018 2002//2002
f 2002//2002 2018//2018 2019//2019 2003//2003
f 2003//2003 2019//2019 2020//2020 2004//2004
f 2004//2004 2020//2020 2021//2021 2005//2005
f 2005//2005 2021//2021 2022//2022 2006//2006
f 2006//2006 2022//2022 2023//2023 2007//2007
f 2007//2007 2023//2023 2024//2024 2008//2008
f 2008//2008 2024//2024 2025//2025 2009//2009
f 2009//2009 2025//2025 2026//2026 2010//2010
f 2010//2010 2026//2026 2027//2027 2011//2011
f 2011//2011 2027//2027 2028//2028 2012//2012
f 2012//2012 2028//2028 2029//2029 2013//2013
f 2013//2013 2029//2029 2030//2030 2014//2014
f 2014//2014 2030//2030 2031//2031 2015//2015
f 2015//2015 2031//2031 2032//2032 2016//2016
f 2016//2016 2032//2032 2017//2017 2001//2001
f 2017//2017 2033//2033 2034//2034 2018//2018
f 2018//2018 2034//2034 2035//2035 2019//2019
f 2019//2019 2035//2035 2036//2036 2020//2020
f 2020//2020 2036//2036 2037//2037 2021//2021
f 2021//2021 2037//2037 2038//2038 2022//2022
f 2022//2022 2038//2038 2039//2039 2023//2023
f 2023//2023 2039//2039 2040//2040 2024//2024
f 2024//2024 2040//2040 2041//2041 2025//2025
f 2025//2025 2041//2041 2042//2042 2026//2026
f 2026//2026 2042//2042 2043//2043 2027//2027
f 2027//2027 2043//2043 2044//2044 2028//2028
f 2028//2028 2044//2044 2045//2045 2029//2029
f 2029//2029 2045//2045 2046//2046 2030//2030
f 2030//2030 2046//2046 2047//2047 2031//2031
f 2031//2031 2047//2047 2048//2048 2032//2032
f 2032//2032 2048//2048 2033//2033 2017//2017
f 2033//2033 1//1 2//2 2034//2034
f 2034//2034 2//2 3//3 2035//2035
f 2035//2035 3//3 4//4 2036//2036
f 2036//2036 4//4 5//5 2037//2037
f 2037//2037 5//5 6//6 2038//2038
f 2038//2038 6//6 7//7 2039//2039
f 2039//2039 7//7 8//8 2040//2040
f 2040//2040 8//8 9//9 2041//2041
f 2041//2041 9//9 10//10 2042//2042
f 2042//2042 10//10 11//11 2043//2043
f 2043//2043 11//11 12//12 2044//2044
f 2044//2044 12//12 13//13 2045//2045
f 2045//2045 13//13 14//14 2046//2046
f 2046//2046 14//14 15//15 2047//2047
f 2047//2047 15//15 16//16 2048//2048
f 2048//2048 16//16 1//1 2033//2033
